Taxa,kingdoms,phyla,classes,orders,families,genera,species,aliphatic,biofilm,other plastic,planktonic,unknown plastic,Importance,ANCOM
Class: WPS-2,Bacteria,WPS-2,WPS-2,WPS-2,WPS-2,WPS-2,WPS-2,0.0,0.0,0.0,0.0016544117647058823,0.2870558375634518,0.005863876999999999,S
Family: Rubritaleaceae,Bacteria,Verrucomicrobia,Verrucomicrobiae,Verrucomicrobiales,Verrucomicrobiales,Verrucomicrobiales,Verrucomicrobiales,0.40659898477157375,0.7796460176991148,0.5759708737864077,4.391360294117649,0.41040609137055833,0.015175962,NS
Family: DEV007,Bacteria,Verrucomicrobia,Verrucomicrobiae,Verrucomicrobiales,Verrucomicrobiales,Verrucomicrobiales,Verrucomicrobiales,0.43946700507614217,0.04292035398230088,0.09684466019417477,0.09797794117647066,0.875888324873097,0.016393953,S
Genera: Roseibacillus,Bacteria,Verrucomicrobia,Verrucomicrobiae,Verrucomicrobiales,Rubritaleaceae,Rubritaleaceae,Rubritaleaceae,0.10190355329949237,0.09336283185840709,0.08495145631067962,0.7930147058823531,0.13477157360406095,0.005572807,S
Genera: Persicirhabdus,Bacteria,Verrucomicrobia,Verrucomicrobiae,Verrucomicrobiales,Rubritaleaceae,Rubritaleaceae,Rubritaleaceae,0.1946700507614212,0.6243362831858408,0.23956310679611648,3.5856617647058813,0.16776649746192893,0.012598301999999999,S
Species: Roseibacillus,Bacteria,Verrucomicrobia,Verrucomicrobiae,Verrucomicrobiales,Rubritaleaceae,Roseibacillus,Roseibacillus,0.10190355329949237,0.09336283185840709,0.08495145631067962,0.7930147058823531,0.13477157360406095,0.0055975880000000006,S
ASV2512: Persicirhabdus,Bacteria,Verrucomicrobia,Verrucomicrobiae,Verrucomicrobiales,Rubritaleaceae,Persicirhabdus,Persicirhabdus,0.19162436548223338,0.6141592920353983,0.22912621359223298,0.38327205882352944,0.10406091370558376,0.007399794,S
Species: Persicirhabdus,Bacteria,Verrucomicrobia,Verrucomicrobiae,Verrucomicrobiales,Rubritaleaceae,Persicirhabdus,Persicirhabdus,0.1946700507614212,0.6243362831858408,0.23956310679611648,3.5856617647058813,0.16776649746192893,0.013601136000000002,S
Species: DEV007,Bacteria,Verrucomicrobia,Verrucomicrobiae,Verrucomicrobiales,DEV007,DEV007,DEV007,0.43946700507614217,0.04292035398230088,0.09684466019417477,0.09797794117647066,0.875888324873097,0.014228247,S
Genera: DEV007,Bacteria,Verrucomicrobia,Verrucomicrobiae,Verrucomicrobiales,DEV007,DEV007,DEV007,0.43946700507614217,0.04292035398230088,0.09684466019417477,0.09797794117647066,0.875888324873097,0.010667319,S
Order: Opitutales,Bacteria,Verrucomicrobia,Verrucomicrobiae,Verrucomicrobiae,Verrucomicrobiae,Verrucomicrobiae,Verrucomicrobiae,0.17969543147208117,0.2026548672566372,0.11844660194174758,1.5553308823529413,0.4601522842639592,0.02598066,S
Order: Verrucomicrobiales,Bacteria,Verrucomicrobia,Verrucomicrobiae,Verrucomicrobiae,Verrucomicrobiae,Verrucomicrobiae,Verrucomicrobiae,0.8489847715736057,0.8225663716814156,0.6779126213592231,4.48933823529412,1.2862944162436565,0.015767363,NS
Genera: Lentimonas,Bacteria,Verrucomicrobia,Verrucomicrobiae,Opitutales,Puniceicoccaceae,Puniceicoccaceae,Puniceicoccaceae,0.14657360406091366,0.10309734513274335,0.05533980582524271,1.3619485294117657,0.3629441624365482,0.015198163999999998,S
ASV1954: Lentimonas,Bacteria,Verrucomicrobia,Verrucomicrobiae,Opitutales,Puniceicoccaceae,Lentimonas,Lentimonas,0.11078680203045689,0.018584070796460177,0.03859223300970874,1.0485294117647062,0.04619289340101522,0.008756266,S
Species: Lentimonas,Bacteria,Verrucomicrobia,Verrucomicrobiae,Opitutales,Puniceicoccaceae,Lentimonas,Lentimonas,0.14657360406091366,0.10309734513274335,0.05533980582524271,1.3619485294117657,0.3629441624365482,0.015524986000000001,S
Family: Puniceicoccaceae,Bacteria,Verrucomicrobia,Verrucomicrobiae,Opitutales,Opitutales,Opitutales,Opitutales,0.17969543147208117,0.2026548672566372,0.11844660194174758,1.5512867647058826,0.4601522842639592,0.019409163,S
Class: Verrucomicrobiae,Bacteria,Verrucomicrobia,Verrucomicrobia,Verrucomicrobia,Verrucomicrobia,Verrucomicrobia,Verrucomicrobia,1.0288071065989872,1.0261061946902652,0.806796116504854,6.092463235294114,1.7464467005076147,0.060367684000000005,NS
Class: Thermotogae,Bacteria,Thermotogae,Thermotogae,Thermotogae,Thermotogae,Thermotogae,Thermotogae,0.12753807106598986,0.35176991150442477,0.06432038834951455,0.0,0.0,0.007744745999999999,S
Class: Synergistia,Bacteria,Synergistetes,Synergistetes,Synergistetes,Synergistetes,Synergistetes,Synergistetes,0.0549492385786802,0.1331858407079646,0.014805825242718446,0.0,0.0,0.005088566,S
Species: Proteobacteria,Bacteria,Proteobacteria,Proteobacteria,Proteobacteria,Proteobacteria,Proteobacteria,Proteobacteria,0.38045685279187824,0.032743362831858414,0.15412621359223297,0.014154411764705877,0.27258883248730964,0.008307607,S
Genera: Proteobacteria,Bacteria,Proteobacteria,Proteobacteria,Proteobacteria,Proteobacteria,Proteobacteria,Proteobacteria,0.38045685279187824,0.032743362831858414,0.15412621359223297,0.014154411764705877,0.27258883248730964,0.007768435,S
Family: Proteobacteria,Bacteria,Proteobacteria,Proteobacteria,Proteobacteria,Proteobacteria,Proteobacteria,Proteobacteria,0.38045685279187824,0.032743362831858414,0.15412621359223297,0.014154411764705877,0.27258883248730964,0.009920238,S
Order: Proteobacteria,Bacteria,Proteobacteria,Proteobacteria,Proteobacteria,Proteobacteria,Proteobacteria,Proteobacteria,0.38045685279187824,0.032743362831858414,0.15412621359223297,0.014154411764705877,0.27258883248730964,0.013092343000000001,S
Class: Gammaproteobacteria,Bacteria,Proteobacteria,Proteobacteria,Proteobacteria,Proteobacteria,Proteobacteria,Proteobacteria,19.739340101522835,12.107964601769908,24.085679611650484,4.939705882352938,9.58807106598984,0.09846641800000001,NS
Class: Alphaproteobacteria,Bacteria,Proteobacteria,Proteobacteria,Proteobacteria,Proteobacteria,Proteobacteria,Proteobacteria,27.6744923857868,14.336725663716816,24.015291262135907,53.84283088235298,31.9964467005076,0.114449572,NS
Class: Deltaproteobacteria,Bacteria,Proteobacteria,Proteobacteria,Proteobacteria,Proteobacteria,Proteobacteria,Proteobacteria,0.8119289340101526,2.118141592920355,2.3485436893203886,0.04963235294117647,0.47030456852791847,0.036930792000000004,NS
Class: Proteobacteria,Bacteria,Proteobacteria,Proteobacteria,Proteobacteria,Proteobacteria,Proteobacteria,Proteobacteria,0.38045685279187824,0.032743362831858414,0.15412621359223297,0.014154411764705877,0.27258883248730964,0.026610581,S
Family: Vibrionaceae,Bacteria,Proteobacteria,Gammaproteobacteria,Vibrionales,Vibrionales,Vibrionales,Vibrionales,0.7574873096446699,0.05929203539823009,0.7946601941747572,0.16893382352941178,0.5256345177664974,0.009533678,S
Genera: Vibrio,Bacteria,Proteobacteria,Gammaproteobacteria,Vibrionales,Vibrionaceae,Vibrionaceae,Vibrionaceae,0.7494923857868021,0.04911504424778762,0.6354368932038833,0.1676470588235294,0.4748730964467004,0.005971262,S
Species: Vibrio,Bacteria,Proteobacteria,Gammaproteobacteria,Vibrionales,Vibrionaceae,Vibrio,Vibrio,0.7494923857868021,0.04911504424778762,0.6354368932038833,0.1676470588235294,0.4748730964467004,0.007492353,S
Family: Thiotrichaceae,Bacteria,Proteobacteria,Gammaproteobacteria,Thiotrichales,Thiotrichales,Thiotrichales,Thiotrichales,0.7241116751269039,0.1265486725663717,0.07281553398058252,0.005330882352941177,0.07614213197969544,0.017877253,S
Genera: Cocleimonas,Bacteria,Proteobacteria,Gammaproteobacteria,Thiotrichales,Thiotrichaceae,Thiotrichaceae,Thiotrichaceae,0.36789340101522855,0.013274336283185842,0.009951456310679611,0.0,0.03781725888324873,0.008888144,S
Genera: Leucothrix,Bacteria,Proteobacteria,Gammaproteobacteria,Thiotrichales,Thiotrichaceae,Thiotrichaceae,Thiotrichaceae,0.13096446700507614,0.0,0.06286407766990292,0.0,0.0,0.007527075,S
Species: Leucothrix,Bacteria,Proteobacteria,Gammaproteobacteria,Thiotrichales,Thiotrichaceae,Leucothrix,Leucothrix,0.13096446700507614,0.0,0.06286407766990292,0.0,0.0,0.007491271999999999,S
Species: Cocleimonas,Bacteria,Proteobacteria,Gammaproteobacteria,Thiotrichales,Thiotrichaceae,Cocleimonas,Cocleimonas,0.36789340101522855,0.013274336283185842,0.009951456310679611,0.0,0.03781725888324873,0.008093858,S
Genera: Woeseia,Bacteria,Proteobacteria,Gammaproteobacteria,Steroidobacterales,Woeseiaceae,Woeseiaceae,Woeseiaceae,0.14149746192893406,0.757079646017699,0.38276699029126215,0.00661764705882353,0.02309644670050761,0.007854005,S
Species: Woeseia,Bacteria,Proteobacteria,Gammaproteobacteria,Steroidobacterales,Woeseiaceae,Woeseia,Woeseia,0.14149746192893406,0.757079646017699,0.38276699029126215,0.00661764705882353,0.02309644670050761,0.008111712,S
Family: Woeseiaceae,Bacteria,Proteobacteria,Gammaproteobacteria,Steroidobacterales,Steroidobacterales,Steroidobacterales,Steroidobacterales,0.14149746192893406,0.757079646017699,0.3953883495145632,0.00661764705882353,0.02309644670050761,0.011435491,S
Family: SAR86 clade,Bacteria,Proteobacteria,Gammaproteobacteria,SAR86 clade,SAR86 clade,SAR86 clade,SAR86 clade,0.004949238578680203,0.007964601769911506,0.04150485436893203,1.3542279411764704,0.15507614213197976,0.005601206,S
Family: Moraxellaceae,Bacteria,Proteobacteria,Gammaproteobacteria,Pseudomonadales,Pseudomonadales,Pseudomonadales,Pseudomonadales,1.1151015228426409,0.02964601769911504,0.5053398058252428,0.03272058823529412,1.403045685279188,0.00978718,S
ASV4192: Psychrobacter,Bacteria,Proteobacteria,Gammaproteobacteria,Pseudomonadales,Moraxellaceae,Psychrobacter,Psychrobacter,0.549492385786802,0.0,0.08786407766990292,0.0009191176470588235,0.19213197969543155,0.005228393,S
Genera: Psychrobacter,Bacteria,Proteobacteria,Gammaproteobacteria,Pseudomonadales,Moraxellaceae,Moraxellaceae,Moraxellaceae,0.6309644670050762,0.012831858407079646,0.1354368932038835,0.001838235294117647,1.0203045685279188,0.0058380969999999996,S
Species: Oleiphilus,Bacteria,Proteobacteria,Gammaproteobacteria,Oceanospirillales,Oleiphilaceae,Oleiphilus,Oleiphilus,1.046573604060914,0.5053097345132743,0.7000000000000001,0.0016544117647058823,0.051269035532994923,0.005354725,S
Genera: Oleiphilus,Bacteria,Proteobacteria,Gammaproteobacteria,Oceanospirillales,Oleiphilaceae,Oleiphilaceae,Oleiphilaceae,1.046573604060914,0.5053097345132743,0.7000000000000001,0.0016544117647058823,0.051269035532994923,0.005048322,S
Family: Oleiphilaceae,Bacteria,Proteobacteria,Gammaproteobacteria,Oceanospirillales,Oceanospirillales,Oceanospirillales,Oceanospirillales,1.046573604060914,0.5053097345132743,0.7000000000000001,0.0016544117647058823,0.051269035532994923,0.008423185,S
Family: Alcanivoracaceae,Bacteria,Proteobacteria,Gammaproteobacteria,Oceanospirillales,Oceanospirillales,Oceanospirillales,Oceanospirillales,2.5237309644670054,0.04159292035398229,1.849757281553398,0.06654411764705882,0.05228426395939085,0.009438390999999999,S
Family: Saccharospirillaceae,Bacteria,Proteobacteria,Gammaproteobacteria,Oceanospirillales,Oceanospirillales,Oceanospirillales,Oceanospirillales,0.6213197969543149,0.23539823008849559,1.2317961165048545,0.005882352941176472,0.06776649746192893,0.009612653,S
Family: Halomonadaceae,Bacteria,Proteobacteria,Gammaproteobacteria,Oceanospirillales,Oceanospirillales,Oceanospirillales,Oceanospirillales,0.10761421319796956,0.24247787610619467,0.054611650485436876,0.08272058823529413,0.517005076142132,0.010506673000000001,S
Species: Alcanivorax,Bacteria,Proteobacteria,Gammaproteobacteria,Oceanospirillales,Alcanivoracaceae,Alcanivorax,Alcanivorax,2.5237309644670054,0.04159292035398229,1.849757281553398,0.06654411764705882,0.05228426395939085,0.007490554,S
Genera: Alcanivorax,Bacteria,Proteobacteria,Gammaproteobacteria,Oceanospirillales,Alcanivoracaceae,Alcanivoracaceae,Alcanivoracaceae,2.5237309644670054,0.04159292035398229,1.849757281553398,0.06654411764705882,0.05228426395939085,0.007297855,S
Genera: Marine Methylotrophic Group 2,Bacteria,Proteobacteria,Gammaproteobacteria,Methylococcales,Methylomonaceae,Methylomonaceae,Methylomonaceae,1.140228426395939,0.0,0.0,0.0,0.0,0.007747178,S
Genera: IheB2-23,Bacteria,Proteobacteria,Gammaproteobacteria,Methylococcales,Methylomonaceae,Methylomonaceae,Methylomonaceae,0.6110406091370557,0.00044247787610619474,0.0,0.0,0.0010152284263959391,0.005980419,S
Genera: Methylomarinum,Bacteria,Proteobacteria,Gammaproteobacteria,Methylococcales,Methylomonaceae,Methylomonaceae,Methylomonaceae,0.25609137055837566,0.0,0.0,0.0,0.0,0.005602643,S
Species: Methylomarinum,Bacteria,Proteobacteria,Gammaproteobacteria,Methylococcales,Methylomonaceae,Methylomarinum,Methylomarinum,0.25609137055837566,0.0,0.0,0.0,0.0,0.005084302,S
Species: Marine Methylotrophic Group 2,Bacteria,Proteobacteria,Gammaproteobacteria,Methylococcales,Methylomonaceae,Marine Methylotrophic Group 2,Marine Methylotrophic Group 2,1.140228426395939,0.0,0.0,0.0,0.0,0.006670325,S
Species: IheB2-23,Bacteria,Proteobacteria,Gammaproteobacteria,Methylococcales,Methylomonaceae,IheB2-23,IheB2-23,0.6110406091370557,0.00044247787610619474,0.0,0.0,0.0010152284263959391,0.005610455,S
Family: Methylomonaceae,Bacteria,Proteobacteria,Gammaproteobacteria,Methylococcales,Methylococcales,Methylococcales,Methylococcales,2.2161167512690354,0.00044247787610619474,0.0,0.0,0.02081218274111675,0.013148064,S
Family: Unknown Family,Bacteria,Proteobacteria,Gammaproteobacteria,Gammaproteobacteria Incertae Sedis,Gammaproteobacteria Incertae Sedis,Gammaproteobacteria Incertae Sedis,Gammaproteobacteria Incertae Sedis,0.3630710659898476,0.30000000000000004,0.10655339805825245,0.02003676470588235,0.21116751269035533,0.005567795,S
ASV3896: Gammaproteobacteria,Bacteria,Proteobacteria,Gammaproteobacteria,Gammaproteobacteria,Gammaproteobacteria,Gammaproteobacteria,Gammaproteobacteria,0.267766497461929,1.1451327433628313,0.16966019417475733,0.04191176470588235,0.11751269035532998,0.006524503,S
Species: Gammaproteobacteria,Bacteria,Proteobacteria,Gammaproteobacteria,Gammaproteobacteria,Gammaproteobacteria,Gammaproteobacteria,Gammaproteobacteria,2.508375634517766,1.854867256637169,2.6121359223300966,0.12113970588235301,0.2464467005076142,0.010215521,NS
Genera: Gammaproteobacteria,Bacteria,Proteobacteria,Gammaproteobacteria,Gammaproteobacteria,Gammaproteobacteria,Gammaproteobacteria,Gammaproteobacteria,2.508375634517766,1.854867256637169,2.6121359223300966,0.12113970588235301,0.2464467005076142,0.010725965,NS
Family: Gammaproteobacteria,Bacteria,Proteobacteria,Gammaproteobacteria,Gammaproteobacteria,Gammaproteobacteria,Gammaproteobacteria,Gammaproteobacteria,2.508375634517766,1.854867256637169,2.6121359223300966,0.12113970588235301,0.2464467005076142,0.016439968,NS
Order: Arenicellales,Bacteria,Proteobacteria,Gammaproteobacteria,Gammaproteobacteria,Gammaproteobacteria,Gammaproteobacteria,Gammaproteobacteria,0.18591370558375628,0.5340707964601771,1.146116504854369,0.0005514705882352942,0.01903553299492386,0.020396136999999998,S
Order: Oceanospirillales,Bacteria,Proteobacteria,Gammaproteobacteria,Gammaproteobacteria,Gammaproteobacteria,Gammaproteobacteria,Gammaproteobacteria,5.825761421319796,1.4141592920353985,4.726213592233009,0.4525735294117645,0.8474619289340096,0.032610195,NS
Order: Alteromonadales,Bacteria,Proteobacteria,Gammaproteobacteria,Gammaproteobacteria,Gammaproteobacteria,Gammaproteobacteria,Gammaproteobacteria,2.016497461928932,3.8176991150442485,8.182524271844652,0.08823529411764708,3.8499999999999996,0.018910806999999998,S
Order: Thiotrichales,Bacteria,Proteobacteria,Gammaproteobacteria,Gammaproteobacteria,Gammaproteobacteria,Gammaproteobacteria,Gammaproteobacteria,0.7241116751269039,0.1265486725663717,0.07281553398058252,0.005330882352941177,0.07614213197969544,0.026466267999999998,S
Order: Gammaproteobacteria,Bacteria,Proteobacteria,Gammaproteobacteria,Gammaproteobacteria,Gammaproteobacteria,Gammaproteobacteria,Gammaproteobacteria,2.508375634517766,1.854867256637169,2.6121359223300966,0.12113970588235301,0.2464467005076142,0.022893583999999998,NS
Order: Betaproteobacteriales,Bacteria,Proteobacteria,Gammaproteobacteria,Gammaproteobacteria,Gammaproteobacteria,Gammaproteobacteria,Gammaproteobacteria,1.729441624365482,0.7566371681415927,1.061650485436893,0.8022058823529412,0.7626903553299492,0.01555996,NS
Order: Cellvibrionales,Bacteria,Proteobacteria,Gammaproteobacteria,Gammaproteobacteria,Gammaproteobacteria,Gammaproteobacteria,Gammaproteobacteria,0.7982233502538074,0.609734513274336,1.670631067961165,0.778860294117647,0.3829949238578679,0.015487336,S
Order: Gammaproteobacteria Incertae Sedis,Bacteria,Proteobacteria,Gammaproteobacteria,Gammaproteobacteria,Gammaproteobacteria,Gammaproteobacteria,Gammaproteobacteria,0.3630710659898476,0.30000000000000004,0.10655339805825245,0.02003676470588235,0.1873096446700508,0.010287495,S
Order: B2M28,Bacteria,Proteobacteria,Gammaproteobacteria,Gammaproteobacteria,Gammaproteobacteria,Gammaproteobacteria,Gammaproteobacteria,0.15190355329949234,0.6402654867256636,0.011407766990291262,0.04099264705882353,0.09543147208121827,0.026987831,S
Order: Steroidobacterales,Bacteria,Proteobacteria,Gammaproteobacteria,Gammaproteobacteria,Gammaproteobacteria,Gammaproteobacteria,Gammaproteobacteria,0.14149746192893406,0.757079646017699,0.3953883495145632,0.00661764705882353,0.02309644670050761,0.016424189,S
Order: Vibrionales,Bacteria,Proteobacteria,Gammaproteobacteria,Gammaproteobacteria,Gammaproteobacteria,Gammaproteobacteria,Gammaproteobacteria,0.7574873096446699,0.05929203539823009,0.7946601941747572,0.16893382352941178,0.5256345177664974,0.012887367,S
Order: Pseudomonadales,Bacteria,Proteobacteria,Gammaproteobacteria,Gammaproteobacteria,Gammaproteobacteria,Gammaproteobacteria,Gammaproteobacteria,1.2276649746192898,0.03495575221238938,0.7094660194174754,0.033455882352941176,1.8718274111675122,0.014647737,S
Order: UBA10353 marine group,Bacteria,Proteobacteria,Gammaproteobacteria,Gammaproteobacteria,Gammaproteobacteria,Gammaproteobacteria,Gammaproteobacteria,0.042512690355329966,0.04734513274336283,0.04805825242718445,0.09136029411764703,0.012944162436548225,0.007391486,S
Order: SAR86 clade,Bacteria,Proteobacteria,Gammaproteobacteria,Gammaproteobacteria,Gammaproteobacteria,Gammaproteobacteria,Gammaproteobacteria,0.004949238578680203,0.007964601769911506,0.04150485436893203,1.3542279411764704,0.15507614213197976,0.009591757,S
Order: Methylococcales,Bacteria,Proteobacteria,Gammaproteobacteria,Gammaproteobacteria,Gammaproteobacteria,Gammaproteobacteria,Gammaproteobacteria,2.2350253807106593,0.06814159292035399,0.015048543689320388,0.0003676470588235294,0.02081218274111675,0.011668993999999999,S
Order: Ectothiorhodospirales,Bacteria,Proteobacteria,Gammaproteobacteria,Gammaproteobacteria,Gammaproteobacteria,Gammaproteobacteria,Gammaproteobacteria,0.16142131979695434,0.16283185840707973,0.5679611650485437,0.06599264705882354,0.0005076142131979696,0.0070393009999999995,S
Family: Ectothiorhodospiraceae,Bacteria,Proteobacteria,Gammaproteobacteria,Ectothiorhodospirales,Ectothiorhodospirales,Ectothiorhodospirales,Ectothiorhodospirales,0.10736040609137057,0.13362831858407084,0.00048543689320388353,0.06599264705882354,0.0005076142131979696,0.009088468,S
Species: Thiogranum,Bacteria,Proteobacteria,Gammaproteobacteria,Ectothiorhodospirales,Ectothiorhodospiraceae,Thiogranum,Thiogranum,0.10723350253807108,0.12389380530973454,0.0,0.0,0.0002538071065989848,0.006375573000000001,S
Genera: Thiogranum,Bacteria,Proteobacteria,Gammaproteobacteria,Ectothiorhodospirales,Ectothiorhodospiraceae,Ectothiorhodospiraceae,Ectothiorhodospiraceae,0.10723350253807108,0.12389380530973454,0.0,0.0,0.0002538071065989848,0.005723847,S
Family: Cellvibrionaceae,Bacteria,Proteobacteria,Gammaproteobacteria,Cellvibrionales,Cellvibrionales,Cellvibrionales,Cellvibrionales,0.3856598984771574,0.2800884955752213,1.0398058252427187,0.003860294117647059,0.08248730964467009,0.008177855999999999,S
Family: Halieaceae,Bacteria,Proteobacteria,Gammaproteobacteria,Cellvibrionales,Cellvibrionales,Cellvibrionales,Cellvibrionales,0.04543147208121829,0.12876106194690268,0.06650485436893204,0.45312500000000006,0.14416243654822333,0.0068276230000000005,S
Species: Ralstonia,Bacteria,Proteobacteria,Gammaproteobacteria,Betaproteobacteriales,Burkholderiaceae,Ralstonia,Ralstonia,0.39467005076142125,0.25353982300884953,0.10364077669902913,0.022242647058823527,0.2738578680203045,0.005911193,NS
Genera: Ralstonia,Bacteria,Proteobacteria,Gammaproteobacteria,Betaproteobacteriales,Burkholderiaceae,Burkholderiaceae,Burkholderiaceae,0.39467005076142125,0.25353982300884953,0.10364077669902913,0.022242647058823527,0.2738578680203045,0.006673046,NS
Family: Burkholderiaceae,Bacteria,Proteobacteria,Gammaproteobacteria,Betaproteobacteriales,Betaproteobacteriales,Betaproteobacteriales,Betaproteobacteriales,0.7982233502538079,0.545132743362832,0.5519417475728157,0.26139705882352937,0.717766497461929,0.0069827990000000005,S
Family: Nitrosomonadaceae,Bacteria,Proteobacteria,Gammaproteobacteria,Betaproteobacteriales,Betaproteobacteriales,Betaproteobacteriales,Betaproteobacteriales,0.20951776649746184,0.11592920353982304,0.31626213592233005,0.0003676470588235294,0.0002538071065989848,0.009134715,S
Family: Methylophilaceae,Bacteria,Proteobacteria,Gammaproteobacteria,Betaproteobacteriales,Betaproteobacteriales,Betaproteobacteriales,Betaproteobacteriales,0.6348984771573603,0.028318584070796453,0.04150485436893205,0.5389705882352943,0.004314720812182741,0.01777346,S
ASV3712: B2M28,Bacteria,Proteobacteria,Gammaproteobacteria,B2M28,B2M28,B2M28,B2M28,0.15139593908629442,0.42964601769911503,0.011407766990291262,0.04099264705882353,0.09390862944162438,0.00636749,S
Species: B2M28,Bacteria,Proteobacteria,Gammaproteobacteria,B2M28,B2M28,B2M28,B2M28,0.15190355329949234,0.6402654867256636,0.011407766990291262,0.04099264705882353,0.09543147208121827,0.011918301999999999,S
Genera: B2M28,Bacteria,Proteobacteria,Gammaproteobacteria,B2M28,B2M28,B2M28,B2M28,0.15190355329949234,0.6402654867256636,0.011407766990291262,0.04099264705882353,0.09543147208121827,0.011466981999999999,S
Family: B2M28,Bacteria,Proteobacteria,Gammaproteobacteria,B2M28,B2M28,B2M28,B2M28,0.15190355329949234,0.6402654867256636,0.011407766990291262,0.04099264705882353,0.09543147208121827,0.021864362999999998,S
Family: Arenicellaceae,Bacteria,Proteobacteria,Gammaproteobacteria,Arenicellales,Arenicellales,Arenicellales,Arenicellales,0.18591370558375628,0.5340707964601771,1.146116504854369,0.0005514705882352942,0.01903553299492386,0.016716769,S
Genera: Arenicella,Bacteria,Proteobacteria,Gammaproteobacteria,Arenicellales,Arenicellaceae,Arenicellaceae,Arenicellaceae,0.09035532994923859,0.39336283185840715,0.6038834951456311,0.0005514705882352942,0.016243654822335023,0.009075089,S
Species: Arenicella,Bacteria,Proteobacteria,Gammaproteobacteria,Arenicellales,Arenicellaceae,Arenicella,Arenicella,0.09035532994923859,0.39336283185840715,0.6038834951456311,0.0005514705882352942,0.016243654822335023,0.009338961,S
Family: Marinobacteraceae,Bacteria,Proteobacteria,Gammaproteobacteria,Alteromonadales,Alteromonadales,Alteromonadales,Alteromonadales,0.4319796954314722,1.0424778761061946,1.292718446601942,0.008088235294117648,0.10380710659898484,0.005358528,S
Family: Alteromonadaceae,Bacteria,Proteobacteria,Gammaproteobacteria,Alteromonadales,Alteromonadales,Alteromonadales,Alteromonadales,0.42817258883248765,1.9110619469026544,5.374999999999996,0.007169117647058822,2.6842639593908633,0.006824917,S
Family: Pseudoalteromonadaceae,Bacteria,Proteobacteria,Gammaproteobacteria,Alteromonadales,Alteromonadales,Alteromonadales,Alteromonadales,0.8187817258883248,0.024778761061946902,0.8218446601941746,0.054779411764705896,0.834517766497462,0.00594128,S
ASV1665: Sva1033,Bacteria,Proteobacteria,Deltaproteobacteria,Desulfuromonadales,Sva1033,Sva1033,Sva1033,0.07296954314720815,0.23805309734513277,0.00048543689320388353,0.018566176470588235,0.0401015228426396,0.005973450999999999,S
Species: Sva1033,Bacteria,Proteobacteria,Deltaproteobacteria,Desulfuromonadales,Sva1033,Sva1033,Sva1033,0.07296954314720815,0.23805309734513277,0.00048543689320388353,0.018566176470588235,0.0401015228426396,0.009369103,S
Genera: Sva1033,Bacteria,Proteobacteria,Deltaproteobacteria,Desulfuromonadales,Sva1033,Sva1033,Sva1033,0.07296954314720815,0.23805309734513277,0.00048543689320388353,0.018566176470588235,0.0401015228426396,0.010115969,S
Family: Sva1033,Bacteria,Proteobacteria,Deltaproteobacteria,Desulfuromonadales,Desulfuromonadales,Desulfuromonadales,Desulfuromonadales,0.07296954314720815,0.23805309734513277,0.00048543689320388353,0.018566176470588235,0.0401015228426396,0.015901343999999998,S
Order: Desulfobacterales,Bacteria,Proteobacteria,Deltaproteobacteria,Deltaproteobacteria,Deltaproteobacteria,Deltaproteobacteria,Deltaproteobacteria,0.12639593908629446,1.1553097345132741,1.5393203883495146,0.012683823529411763,0.08908629441624366,0.008328754,S
Order: Desulfuromonadales,Bacteria,Proteobacteria,Deltaproteobacteria,Deltaproteobacteria,Deltaproteobacteria,Deltaproteobacteria,Deltaproteobacteria,0.07576142131979699,0.29778761061946907,0.08567961165048543,0.018566176470588235,0.0401015228426396,0.012390238999999999,S
Order: Bdellovibrionales,Bacteria,Proteobacteria,Deltaproteobacteria,Deltaproteobacteria,Deltaproteobacteria,Deltaproteobacteria,Deltaproteobacteria,0.10177664974619291,0.12699115044247788,0.017233009708737864,0.011213235294117649,0.07436548223350255,0.005241020999999999,S
Family: Sphingomonadaceae,Bacteria,Proteobacteria,Alphaproteobacteria,Sphingomonadales,Sphingomonadales,Sphingomonadales,Sphingomonadales,3.5748730964467015,1.2225663716814157,1.748058252427185,0.637132352941177,5.820558375634517,0.019317397,NS
ASV0808: Sphingomonadaceae,Bacteria,Proteobacteria,Alphaproteobacteria,Sphingomonadales,Sphingomonadaceae,Sphingomonadaceae,Sphingomonadaceae,0.2006345177664974,0.023008849557522117,0.2296116504854369,0.012316176470588233,2.628934010152284,0.005390093,S
Species: Sphingomonadaceae,Bacteria,Proteobacteria,Alphaproteobacteria,Sphingomonadales,Sphingomonadaceae,Sphingomonadaceae,Sphingomonadaceae,0.7348984771573611,0.19070796460176992,0.6966019417475728,0.3558823529411762,2.980710659898479,0.00656095,NS
Genera: Erythrobacter,Bacteria,Proteobacteria,Alphaproteobacteria,Sphingomonadales,Sphingomonadaceae,Sphingomonadaceae,Sphingomonadaceae,2.008375634517765,0.19867256637168143,0.41529126213592243,0.1448529411764706,1.576903553299493,0.02977869,S
Genera: Sphingomonadaceae,Bacteria,Proteobacteria,Alphaproteobacteria,Sphingomonadales,Sphingomonadaceae,Sphingomonadaceae,Sphingomonadaceae,0.7348984771573611,0.19070796460176992,0.6966019417475728,0.3558823529411762,2.980710659898479,0.007063339,NS
ASV1197: Erythrobacter,Bacteria,Proteobacteria,Alphaproteobacteria,Sphingomonadales,Sphingomonadaceae,Erythrobacter,Erythrobacter,1.6739847715736045,0.17964601769911506,0.3512135922330097,0.12187500000000002,0.7088832487309643,0.014310312,S
Species: Erythrobacter,Bacteria,Proteobacteria,Alphaproteobacteria,Sphingomonadales,Sphingomonadaceae,Erythrobacter,Erythrobacter,1.9996192893401,0.19867256637168143,0.41529126213592243,0.13529411764705884,1.1078680203045685,0.027225181,S
Family: Clade I,Bacteria,Proteobacteria,Alphaproteobacteria,SAR11 clade,SAR11 clade,SAR11 clade,SAR11 clade,1.843908629441623,0.48008849557522104,0.8502427184466022,30.93088235294121,2.37258883248731,0.028929537999999998,S
Family: Clade II,Bacteria,Proteobacteria,Alphaproteobacteria,SAR11 clade,SAR11 clade,SAR11 clade,SAR11 clade,0.15888324873096443,0.036725663716814155,0.07572815533980583,3.0602941176470577,0.4134517766497462,0.01635547,S
Family: Clade IV,Bacteria,Proteobacteria,Alphaproteobacteria,SAR11 clade,SAR11 clade,SAR11 clade,SAR11 clade,0.12398477157360405,0.022123893805309738,0.042718446601941754,1.4584558823529414,0.07563451776649747,0.018477713,S
Species: Clade IV,Bacteria,Proteobacteria,Alphaproteobacteria,SAR11 clade,Clade IV,Clade IV,Clade IV,0.12398477157360405,0.022123893805309738,0.042718446601941754,1.4584558823529414,0.07563451776649747,0.015327998999999998,S
Genera: Clade IV,Bacteria,Proteobacteria,Alphaproteobacteria,SAR11 clade,Clade IV,Clade IV,Clade IV,0.12398477157360405,0.022123893805309738,0.042718446601941754,1.4584558823529414,0.07563451776649747,0.01364519,S
ASV0698: Clade II,Bacteria,Proteobacteria,Alphaproteobacteria,SAR11 clade,Clade II,Clade II,Clade II,0.10177664974619288,0.022123893805309727,0.056553398058252435,2.1854779411764707,0.3888324873096447,0.006925124,S
ASV0697: Clade II,Bacteria,Proteobacteria,Alphaproteobacteria,SAR11 clade,Clade II,Clade II,Clade II,0.022842639593908625,0.0075221238938053105,0.012864077669902912,0.504595588235294,0.00913705583756345,0.005487118000000001,S
Species: Clade II,Bacteria,Proteobacteria,Alphaproteobacteria,SAR11 clade,Clade II,Clade II,Clade II,0.15888324873096443,0.036725663716814155,0.07572815533980583,3.0602941176470577,0.4134517766497462,0.013756458000000001,S
Genera: Clade II,Bacteria,Proteobacteria,Alphaproteobacteria,SAR11 clade,Clade II,Clade II,Clade II,0.15888324873096443,0.036725663716814155,0.07572815533980583,3.0602941176470577,0.4134517766497462,0.013307076000000001,S
ASV0705: Clade I,Bacteria,Proteobacteria,Alphaproteobacteria,SAR11 clade,Clade I,Clade I,Clade I,1.2928934010152302,0.2818584070796462,0.5199029126213592,18.831617647058845,2.1758883248730965,0.012638247,S
ASV0703: Clade I,Bacteria,Proteobacteria,Alphaproteobacteria,SAR11 clade,Clade I,Clade I,Clade I,0.5255076142131977,0.19690265486725664,0.31359223300970873,11.580514705882356,0.1725888324873097,0.007963288,S
Species: Clade I,Bacteria,Proteobacteria,Alphaproteobacteria,SAR11 clade,Clade I,Clade I,Clade I,1.843908629441623,0.48008849557522104,0.8502427184466022,30.93088235294121,2.3532994923857875,0.021519965,S
Genera: Clade I,Bacteria,Proteobacteria,Alphaproteobacteria,SAR11 clade,Clade I,Clade I,Clade I,1.843908629441623,0.48008849557522104,0.8502427184466022,30.93088235294121,2.3532994923857875,0.021441348,S
Genera: Thalassospira,Bacteria,Proteobacteria,Alphaproteobacteria,Rhodospirillales,Thalassospiraceae,Thalassospiraceae,Thalassospiraceae,0.29708121827411166,0.2685840707964602,1.9424757281553402,0.006801470588235294,0.08959390862944164,0.005659371,S
ASV0589: Thalassospira,Bacteria,Proteobacteria,Alphaproteobacteria,Rhodospirillales,Thalassospiraceae,Thalassospira,Thalassospira,0.29200507614213195,0.2685840707964602,1.9364077669902917,0.00625,0.03680203045685278,0.005084068,S
Species: Thalassospira,Bacteria,Proteobacteria,Alphaproteobacteria,Rhodospirillales,Thalassospiraceae,Thalassospira,Thalassospira,0.29708121827411166,0.2685840707964602,1.9424757281553402,0.006801470588235294,0.08959390862944164,0.006314156,S
Family: Thalassospiraceae,Bacteria,Proteobacteria,Alphaproteobacteria,Rhodospirillales,Rhodospirillales,Rhodospirillales,Rhodospirillales,0.29708121827411166,0.2685840707964602,1.9424757281553402,0.006801470588235294,0.08959390862944164,0.008610572,S
Family: AEGEAN-169 marine group,Bacteria,Proteobacteria,Alphaproteobacteria,Rhodospirillales,Rhodospirillales,Rhodospirillales,Rhodospirillales,0.17588832487309636,0.0588495575221239,0.12500000000000003,3.559926470588235,0.19441624365482235,0.014420385,S
ASV0715: AEGEAN-169 marine group,Bacteria,Proteobacteria,Alphaproteobacteria,Rhodospirillales,AEGEAN-169 marine group,AEGEAN-169 marine group,AEGEAN-169 marine group,0.06586294416243656,0.017699115044247787,0.033009708737864074,0.9492647058823527,0.019796954314720814,0.006813805,S
Species: AEGEAN-169 marine group,Bacteria,Proteobacteria,Alphaproteobacteria,Rhodospirillales,AEGEAN-169 marine group,AEGEAN-169 marine group,AEGEAN-169 marine group,0.17499999999999993,0.0588495575221239,0.10922330097087381,3.367463235294118,0.19416243654822338,0.016721402,S
Genera: AEGEAN-169 marine group,Bacteria,Proteobacteria,Alphaproteobacteria,Rhodospirillales,AEGEAN-169 marine group,AEGEAN-169 marine group,AEGEAN-169 marine group,0.17499999999999993,0.0588495575221239,0.10922330097087381,3.367463235294118,0.19416243654822338,0.016748159,S
Family: Rhodobacteraceae,Bacteria,Proteobacteria,Alphaproteobacteria,Rhodobacterales,Rhodobacterales,Rhodobacterales,Rhodobacterales,10.552664974619299,5.938495575221239,8.845873786407767,8.31654411764706,13.005837563451788,0.017712191999999998,NS
Species: Sulfitobacter,Bacteria,Proteobacteria,Alphaproteobacteria,Rhodobacterales,Rhodobacteraceae,Sulfitobacter,Sulfitobacter,0.6326142131979695,0.2951327433628318,0.6410194174757282,0.032904411764705876,0.6545685279187818,0.005867391,S
ASV1175: Rhodobacteraceae,Bacteria,Proteobacteria,Alphaproteobacteria,Rhodobacterales,Rhodobacteraceae,Rhodobacteraceae,Rhodobacteraceae,1.384390862944163,0.5539823008849558,1.0298543689320392,0.06819852941176473,0.6139593908629442,0.011108396000000001,NS
ASV1564: Rhodobacteraceae,Bacteria,Proteobacteria,Alphaproteobacteria,Rhodobacterales,Rhodobacteraceae,Rhodobacteraceae,Rhodobacteraceae,0.5546954314720812,0.34070796460177,0.3725728155339806,0.02444852941176469,0.7703045685279191,0.0070489440000000006,NS
ASV1041: Rhodobacteraceae,Bacteria,Proteobacteria,Alphaproteobacteria,Rhodobacterales,Rhodobacteraceae,Rhodobacteraceae,Rhodobacteraceae,0.023477157360406085,0.0075221238938053105,0.015048543689320388,0.4053308823529411,0.010659898477157361,0.005834262,S
ASV1551: Rhodobacteraceae,Bacteria,Proteobacteria,Alphaproteobacteria,Rhodobacterales,Rhodobacteraceae,Rhodobacteraceae,Rhodobacteraceae,0.08109137055837565,0.04690265486725663,0.0725728155339806,0.27628676470588237,0.03375634517766497,0.005031768,S
Species: Rhodobacteraceae,Bacteria,Proteobacteria,Alphaproteobacteria,Rhodobacterales,Rhodobacteraceae,Rhodobacteraceae,Rhodobacteraceae,6.671446700507619,3.8778761061946905,5.360436893203884,3.174080882352943,7.716243654822341,0.011628551,NS
Genera: Rhodobacteraceae,Bacteria,Proteobacteria,Alphaproteobacteria,Rhodobacterales,Rhodobacteraceae,Rhodobacteraceae,Rhodobacteraceae,6.671446700507619,3.8778761061946905,5.360436893203884,3.174080882352943,7.716243654822341,0.011097496,NS
Genera: Sulfitobacter,Bacteria,Proteobacteria,Alphaproteobacteria,Rhodobacterales,Rhodobacteraceae,Rhodobacteraceae,Rhodobacteraceae,0.6326142131979695,0.2951327433628318,0.6410194174757282,0.032904411764705876,0.6545685279187818,0.0063882819999999995,S
Genera: Oceanicella,Bacteria,Proteobacteria,Alphaproteobacteria,Rhodobacterales,Rhodobacteraceae,Rhodobacteraceae,Rhodobacteraceae,0.759644670050761,0.6420353982300885,0.5109223300970874,0.0630514705882353,0.8619289340101522,0.007730749,NS
Genera: Amylibacter,Bacteria,Proteobacteria,Alphaproteobacteria,Rhodobacterales,Rhodobacteraceae,Rhodobacteraceae,Rhodobacteraceae,0.17982233502538067,0.058407079646017705,0.10388349514563106,2.5207720588235287,0.056598984771573616,0.006226521,S
Species: Planktomarina,Bacteria,Proteobacteria,Alphaproteobacteria,Rhodobacterales,Rhodobacteraceae,Planktomarina,Planktomarina,0.040355329949238586,0.03584070796460177,0.015533980582524273,1.881801470588235,0.031472081218274106,0.005101042,S
Species: Oceanicella,Bacteria,Proteobacteria,Alphaproteobacteria,Rhodobacterales,Rhodobacteraceae,Oceanicella,Oceanicella,0.759644670050761,0.6420353982300885,0.5109223300970874,0.0630514705882353,0.8619289340101522,0.008950786,NS
Species: Loktanella,Bacteria,Proteobacteria,Alphaproteobacteria,Rhodobacterales,Rhodobacteraceae,Loktanella,Loktanella,0.22131979695431472,0.04292035398230088,0.12985436893203883,0.013051470588235295,0.8479695431472078,0.005003318,S
ASV1261: Amylibacter,Bacteria,Proteobacteria,Alphaproteobacteria,Rhodobacterales,Rhodobacteraceae,Amylibacter,Amylibacter,0.15355329949238575,0.003539823008849558,0.013349514563106795,1.9919117647058822,0.03197969543147208,0.006982745,S
Species: Amylibacter,Bacteria,Proteobacteria,Alphaproteobacteria,Rhodobacterales,Rhodobacteraceae,Amylibacter,Amylibacter,0.17296954314720805,0.016371681415929207,0.024757281553398056,2.5207720588235287,0.036802030456852784,0.007431883,S
Family: Rhizobiaceae,Bacteria,Proteobacteria,Alphaproteobacteria,Rhizobiales,Rhizobiales,Rhizobiales,Rhizobiales,3.2530456852791856,2.1827433628318578,1.8009708737864083,0.1534926470588236,3.875126903553301,0.013902717,NS
Family: Hyphomicrobiaceae,Bacteria,Proteobacteria,Alphaproteobacteria,Rhizobiales,Rhizobiales,Rhizobiales,Rhizobiales,0.15152284263959387,0.059734513274336286,0.15339805825242722,0.010110294117647061,0.17842639593908635,0.013349103000000001,S
Family: Methyloligellaceae,Bacteria,Proteobacteria,Alphaproteobacteria,Rhizobiales,Rhizobiales,Rhizobiales,Rhizobiales,0.6893401015228428,0.202212389380531,1.117233009708738,0.021323529411764696,0.19390862944162432,0.006741787,S
Species: Rhizobiaceae,Bacteria,Proteobacteria,Alphaproteobacteria,Rhizobiales,Rhizobiaceae,Rhizobiaceae,Rhizobiaceae,1.4852791878172584,0.5305309734513275,0.6432038834951457,0.056433823529411786,1.850507614213198,0.012139525,S
Genera: Pseudahrensia,Bacteria,Proteobacteria,Alphaproteobacteria,Rhizobiales,Rhizobiaceae,Rhizobiaceae,Rhizobiaceae,1.168527918781726,1.0300884955752208,0.6276699029126211,0.044669117647058824,1.5428934010152286,0.005484406999999999,NS
Genera: Rhizobiaceae,Bacteria,Proteobacteria,Alphaproteobacteria,Rhizobiales,Rhizobiaceae,Rhizobiaceae,Rhizobiaceae,1.4852791878172584,0.5305309734513275,0.6432038834951457,0.056433823529411786,1.850507614213198,0.010879692,S
ASV1150: Pseudahrensia,Bacteria,Proteobacteria,Alphaproteobacteria,Rhizobiales,Rhizobiaceae,Pseudahrensia,Pseudahrensia,0.7908629441624359,0.6,0.495145631067961,0.040624999999999994,0.26319796954314717,0.006527151,NS
Species: Pseudahrensia,Bacteria,Proteobacteria,Alphaproteobacteria,Rhizobiales,Rhizobiaceae,Pseudahrensia,Pseudahrensia,1.0697969543147208,1.0265486725663713,0.5958737864077667,0.04154411764705883,1.1563451776649745,0.005823116999999999,NS
Genera: Filomicrobium,Bacteria,Proteobacteria,Alphaproteobacteria,Rhizobiales,Hyphomicrobiaceae,Hyphomicrobiaceae,Hyphomicrobiaceae,0.09479695431472082,0.059734513274336286,0.15315533980582527,0.006433823529411768,0.09670050761421324,0.00638198,S
Species: Filomicrobium,Bacteria,Proteobacteria,Alphaproteobacteria,Rhizobiales,Hyphomicrobiaceae,Filomicrobium,Filomicrobium,0.09479695431472082,0.059734513274336286,0.15315533980582527,0.006433823529411768,0.09670050761421324,0.0063068690000000005,S
ASV0495: SAR116 clade,Bacteria,Proteobacteria,Alphaproteobacteria,Puniceispirillales,SAR116 clade,SAR116 clade,SAR116 clade,0.19073604060913707,0.18982300884955755,0.10291262135922336,3.1367647058823547,0.29314720812182743,0.006076066,S
ASV0496: SAR116 clade,Bacteria,Proteobacteria,Alphaproteobacteria,Puniceispirillales,SAR116 clade,SAR116 clade,SAR116 clade,0.018274111675126898,0.016814159292035398,0.012378640776699028,0.26066176470588237,0.008375634517766496,0.005139431,S
Species: SAR116 clade,Bacteria,Proteobacteria,Alphaproteobacteria,Puniceispirillales,SAR116 clade,SAR116 clade,SAR116 clade,0.2100253807106599,0.21017699115044247,0.1160194174757282,3.490992647058826,0.48375634517766497,0.015417976000000002,S
Genera: SAR116 clade,Bacteria,Proteobacteria,Alphaproteobacteria,Puniceispirillales,SAR116 clade,SAR116 clade,SAR116 clade,0.2100253807106599,0.21017699115044247,0.1160194174757282,3.490992647058826,0.48375634517766497,0.013658347,S
Family: SAR116 clade,Bacteria,Proteobacteria,Alphaproteobacteria,Puniceispirillales,Puniceispirillales,Puniceispirillales,Puniceispirillales,0.26027918781725873,0.2380530973451328,0.14587378640776708,4.164154411764707,0.7190355329949238,0.015733254,S
Family: Parvibaculaceae,Bacteria,Proteobacteria,Alphaproteobacteria,Parvibaculales,Parvibaculales,Parvibaculales,Parvibaculales,0.03959390862944163,0.0030973451327433632,0.02184466019417476,0.1847426470588236,0.002791878172588833,0.007046999,S
Species: Parvibaculaceae,Bacteria,Proteobacteria,Alphaproteobacteria,Parvibaculales,Parvibaculaceae,Parvibaculaceae,Parvibaculaceae,0.01116751269035533,0.0030973451327433632,0.0043689320388349525,0.1691176470588236,0.0025380710659898475,0.010031254,S
Genera: Parvibaculaceae,Bacteria,Proteobacteria,Alphaproteobacteria,Parvibaculales,Parvibaculaceae,Parvibaculaceae,Parvibaculaceae,0.01116751269035533,0.0030973451327433632,0.0043689320388349525,0.1691176470588236,0.0025380710659898475,0.009593123,S
Species: Robiginitomaculum,Bacteria,Proteobacteria,Alphaproteobacteria,Caulobacterales,Hyphomonadaceae,Robiginitomaculum,Robiginitomaculum,0.24974619289340091,0.004424778761061947,0.1533980582524272,0.0003676470588235294,0.03096446700507614,0.00637796,S
Species: Hyphomonadaceae,Bacteria,Proteobacteria,Alphaproteobacteria,Caulobacterales,Hyphomonadaceae,Hyphomonadaceae,Hyphomonadaceae,0.9378172588832487,0.6876106194690265,1.4555825242718445,0.045404411764705895,0.537309644670051,0.005171716,NS
Genera: Hyphomonadaceae,Bacteria,Proteobacteria,Alphaproteobacteria,Caulobacterales,Hyphomonadaceae,Hyphomonadaceae,Hyphomonadaceae,0.9378172588832487,0.6876106194690265,1.4555825242718445,0.045404411764705895,0.537309644670051,0.005696061999999999,NS
Genera: Robiginitomaculum,Bacteria,Proteobacteria,Alphaproteobacteria,Caulobacterales,Hyphomonadaceae,Hyphomonadaceae,Hyphomonadaceae,0.24974619289340091,0.004424778761061947,0.1533980582524272,0.0003676470588235294,0.03096446700507614,0.006736481999999999,S
Family: Hyphomonadaceae,Bacteria,Proteobacteria,Alphaproteobacteria,Caulobacterales,Caulobacterales,Caulobacterales,Caulobacterales,2.3093908629441606,1.109734513274336,2.9834951456310685,0.10183823529411774,1.3454314720812184,0.016329716,NS
Species: Alphaproteobacteria,Bacteria,Proteobacteria,Alphaproteobacteria,Alphaproteobacteria,Alphaproteobacteria,Alphaproteobacteria,Alphaproteobacteria,3.3954314720812135,1.3765486725663716,2.3041262135922316,0.6191176470588241,2.214720812182743,0.018209121,NS
Genera: Alphaproteobacteria,Bacteria,Proteobacteria,Alphaproteobacteria,Alphaproteobacteria,Alphaproteobacteria,Alphaproteobacteria,Alphaproteobacteria,3.3954314720812135,1.3765486725663716,2.3041262135922316,0.6191176470588241,2.214720812182743,0.018293928,NS
Family: Alphaproteobacteria,Bacteria,Proteobacteria,Alphaproteobacteria,Alphaproteobacteria,Alphaproteobacteria,Alphaproteobacteria,Alphaproteobacteria,3.3954314720812135,1.3765486725663716,2.3041262135922316,0.6191176470588241,2.214720812182743,0.027852367000000003,NS
Order: SAR11 clade,Bacteria,Proteobacteria,Alphaproteobacteria,Alphaproteobacteria,Alphaproteobacteria,Alphaproteobacteria,Alphaproteobacteria,2.1274111675126886,0.5389380530973449,0.9686893203883495,35.59430147058824,2.8730964467005093,0.034892107,S
Order: Caulobacterales,Bacteria,Proteobacteria,Alphaproteobacteria,Alphaproteobacteria,Alphaproteobacteria,Alphaproteobacteria,Alphaproteobacteria,2.4628172588832467,1.1681415929203538,3.0604368932038826,0.11084558823529422,1.4685279187817266,0.024362721,NS
Order: Alphaproteobacteria,Bacteria,Proteobacteria,Alphaproteobacteria,Alphaproteobacteria,Alphaproteobacteria,Alphaproteobacteria,Alphaproteobacteria,3.3954314720812135,1.3765486725663716,2.3041262135922316,0.6191176470588241,2.214720812182743,0.040641298,NS
Order: Rhodobacterales,Bacteria,Proteobacteria,Alphaproteobacteria,Alphaproteobacteria,Alphaproteobacteria,Alphaproteobacteria,Alphaproteobacteria,10.552664974619299,5.938495575221239,8.845873786407767,8.31654411764706,13.005837563451788,0.023997272000000004,NS
Order: Rhodospirillales,Bacteria,Proteobacteria,Alphaproteobacteria,Alphaproteobacteria,Alphaproteobacteria,Alphaproteobacteria,Alphaproteobacteria,0.5007614213197972,0.5433628318584071,2.163106796116505,3.5667279411764703,0.3548223350253807,0.020811781,S
Order: Rhizobiales,Bacteria,Proteobacteria,Alphaproteobacteria,Alphaproteobacteria,Alphaproteobacteria,Alphaproteobacteria,Alphaproteobacteria,4.327411167512693,2.792920353982301,3.7614077669902892,0.25845588235294104,4.940355329949236,0.023987772999999997,NS
Order: Sphingomonadales,Bacteria,Proteobacteria,Alphaproteobacteria,Alphaproteobacteria,Alphaproteobacteria,Alphaproteobacteria,Alphaproteobacteria,3.5748730964467015,1.2225663716814157,1.748058252427185,0.637132352941177,5.820558375634517,0.026430091,NS
Order: Puniceispirillales,Bacteria,Proteobacteria,Alphaproteobacteria,Alphaproteobacteria,Alphaproteobacteria,Alphaproteobacteria,Alphaproteobacteria,0.26154822335025363,0.2380530973451328,0.1672330097087378,4.166727941176471,0.7190355329949238,0.020371264,S
Order: Parvibaculales,Bacteria,Proteobacteria,Alphaproteobacteria,Alphaproteobacteria,Alphaproteobacteria,Alphaproteobacteria,Alphaproteobacteria,0.039847715736040616,0.004424778761061947,0.02669902912621359,0.341544117647059,0.15736040609137056,0.008514915999999999,S
Order: Micavibrionales,Bacteria,Proteobacteria,Alphaproteobacteria,Alphaproteobacteria,Alphaproteobacteria,Alphaproteobacteria,Alphaproteobacteria,0.21637055837563454,0.0075221238938053105,0.24538834951456312,0.03308823529411764,0.1545685279187818,0.005892585,S
Class: Planctomycetacia,Bacteria,Planctomycetes,Planctomycetes,Planctomycetes,Planctomycetes,Planctomycetes,Planctomycetes,0.8244923857868021,0.9725663716814159,0.645873786407767,0.4332720588235294,0.7164974619289342,0.063147167,NS
Class: Phycisphaerae,Bacteria,Planctomycetes,Planctomycetes,Planctomycetes,Planctomycetes,Planctomycetes,Planctomycetes,0.21776649746192886,0.28008849557522114,0.500728155339806,0.011948529411764705,0.2294416243654823,0.031191611,S
Class: OM190,Bacteria,Planctomycetes,Planctomycetes,Planctomycetes,Planctomycetes,Planctomycetes,Planctomycetes,0.27525380710659897,0.0008849557522123895,0.1883495145631068,0.009191176470588236,0.05152284263959392,0.007968715999999999,S
Family: Gimesiaceae,Bacteria,Planctomycetes,Planctomycetacia,Planctomycetales,Planctomycetales,Planctomycetales,Planctomycetales,0.03324873096446701,0.06504424778761063,0.049514563106796125,0.037683823529411756,0.0007614213197969544,0.0075410880000000005,NS
Genera: Gimesiaceae,Bacteria,Planctomycetes,Planctomycetacia,Planctomycetales,Gimesiaceae,Gimesiaceae,Gimesiaceae,0.03324873096446701,0.05530973451327434,0.049514563106796125,0.037683823529411756,0.0007614213197969544,0.005081563,NS
Order: Planctomycetales,Bacteria,Planctomycetes,Planctomycetacia,Planctomycetacia,Planctomycetacia,Planctomycetacia,Planctomycetacia,0.1848984771573605,0.13849557522123898,0.07645631067961164,0.05128676470588236,0.04568527918781727,0.014543263999999998,NS
Order: Pirellulales,Bacteria,Planctomycetes,Planctomycetacia,Planctomycetacia,Planctomycetacia,Planctomycetacia,Planctomycetacia,0.6342639593908629,0.7960176991150439,0.5669902912621358,0.3689338235294118,0.6708121827411168,0.02520464,NS
Family: Pirellulaceae,Bacteria,Planctomycetes,Planctomycetacia,Pirellulales,Pirellulales,Pirellulales,Pirellulales,0.6342639593908629,0.7960176991150439,0.5669902912621358,0.3689338235294118,0.6708121827411168,0.015568166999999999,NS
Species: Rubripirellula,Bacteria,Planctomycetes,Planctomycetacia,Pirellulales,Pirellulaceae,Rubripirellula,Rubripirellula,0.05393401015228428,0.05265486725663716,0.053398058252427175,0.10992647058823528,0.15812182741116756,0.0056434319999999994,NS
Species: Pirellulaceae,Bacteria,Planctomycetes,Planctomycetacia,Pirellulales,Pirellulaceae,Pirellulaceae,Pirellulaceae,0.034390862944162444,0.0420353982300885,0.15679611650485437,0.08014705882352945,0.13045685279187821,0.006447785,S
Genera: Blastopirellula,Bacteria,Planctomycetes,Planctomycetacia,Pirellulales,Pirellulaceae,Pirellulaceae,Pirellulaceae,0.368274111675127,0.4561946902654868,0.2521844660194176,0.15698529411764706,0.1804568527918781,0.005664946999999999,S
Genera: Pirellulaceae,Bacteria,Planctomycetes,Planctomycetacia,Pirellulales,Pirellulaceae,Pirellulaceae,Pirellulaceae,0.034390862944162444,0.0420353982300885,0.15679611650485437,0.08014705882352945,0.13045685279187821,0.006122405,S
Species: Blastopirellula,Bacteria,Planctomycetes,Planctomycetacia,Pirellulales,Pirellulaceae,Blastopirellula,Blastopirellula,0.368274111675127,0.4561946902654868,0.2521844660194176,0.15698529411764706,0.1804568527918781,0.005601292,S
Family: Phycisphaeraceae,Bacteria,Planctomycetes,Phycisphaerae,Phycisphaerales,Phycisphaerales,Phycisphaerales,Phycisphaerales,0.20951776649746184,0.2663716814159292,0.383980582524272,0.011948529411764705,0.2294416243654823,0.005451175999999999,S
Order: Phycisphaerales,Bacteria,Planctomycetes,Phycisphaerae,Phycisphaerae,Phycisphaerae,Phycisphaerae,Phycisphaerae,0.21078680203045677,0.2694690265486726,0.41577669902912623,0.011948529411764705,0.2294416243654823,0.007090503000000001,S
Class: Gracilibacteria,Bacteria,Patescibacteria,Patescibacteria,Patescibacteria,Patescibacteria,Patescibacteria,Patescibacteria,0.1114213197969543,0.0,0.26480582524271845,0.0,0.01598984771573604,0.018107133,S
Class: Nitrospira,Bacteria,Nitrospirae,Nitrospirae,Nitrospirae,Nitrospirae,Nitrospirae,Nitrospirae,0.3756345177664976,0.388495575221239,1.296116504854369,0.0001838235294117647,0.0,0.023498225,S
Family: Nitrospiraceae,Bacteria,Nitrospirae,Nitrospira,Nitrospirales,Nitrospirales,Nitrospirales,Nitrospirales,0.3756345177664976,0.388495575221239,1.296116504854369,0.0001838235294117647,0.0,0.006624208,S
Genera: Nitrospira,Bacteria,Nitrospirae,Nitrospira,Nitrospirales,Nitrospiraceae,Nitrospiraceae,Nitrospiraceae,0.3756345177664976,0.388495575221239,1.296116504854369,0.0001838235294117647,0.0,0.005196387,S
Species: Nitrospira,Bacteria,Nitrospirae,Nitrospira,Nitrospirales,Nitrospiraceae,Nitrospira,Nitrospira,0.368527918781726,0.388495575221239,1.2941747572815534,0.0001838235294117647,0.0,0.005361544,S
Order: Nitrospirales,Bacteria,Nitrospirae,Nitrospira,Nitrospira,Nitrospira,Nitrospira,Nitrospira,0.3756345177664976,0.388495575221239,1.296116504854369,0.0001838235294117647,0.0,0.008584495,S
Class: Nitrospinia,Bacteria,Nitrospinae,Nitrospinae,Nitrospinae,Nitrospinae,Nitrospinae,Nitrospinae,0.003045685279187817,0.0,0.007038834951456311,0.0,0.0,0.0073965590000000005,NS
Family: Marinimicrobia (SAR406 clade),Bacteria,Marinimicrobia (SAR406 clade),Marinimicrobia (SAR406 clade),Marinimicrobia (SAR406 clade),Marinimicrobia (SAR406 clade),Marinimicrobia (SAR406 clade),Marinimicrobia (SAR406 clade),0.06992385786802031,0.002654867256637168,0.025000000000000005,1.611213235294118,0.09898477157360408,0.007037253,S
Order: Marinimicrobia (SAR406 clade),Bacteria,Marinimicrobia (SAR406 clade),Marinimicrobia (SAR406 clade),Marinimicrobia (SAR406 clade),Marinimicrobia (SAR406 clade),Marinimicrobia (SAR406 clade),Marinimicrobia (SAR406 clade),0.06992385786802031,0.002654867256637168,0.025000000000000005,1.611213235294118,0.09898477157360408,0.00908137,S
Class: Marinimicrobia (SAR406 clade),Bacteria,Marinimicrobia (SAR406 clade),Marinimicrobia (SAR406 clade),Marinimicrobia (SAR406 clade),Marinimicrobia (SAR406 clade),Marinimicrobia (SAR406 clade),Marinimicrobia (SAR406 clade),0.06992385786802031,0.002654867256637168,0.025000000000000005,1.611213235294118,0.09898477157360408,0.025660758,S
Class: BD2-11 terrestrial group,Bacteria,Gemmatimonadetes,Gemmatimonadetes,Gemmatimonadetes,Gemmatimonadetes,Gemmatimonadetes,Gemmatimonadetes,0.05152284263959392,0.01592920353982301,0.1895631067961165,0.01011029411764706,0.0,0.009255016999999999,S
Class: Bacilli,Bacteria,Firmicutes,Firmicutes,Firmicutes,Firmicutes,Firmicutes,Firmicutes,0.2545685279187817,0.15973451327433635,0.1449029126213592,0.004411764705882354,0.5347715736040604,0.017423183999999998,S
Class: Clostridia,Bacteria,Firmicutes,Firmicutes,Firmicutes,Firmicutes,Firmicutes,Firmicutes,1.2468274111675126,1.4039823008849555,1.884223300970874,0.0,0.581218274111675,0.0079452,S
Order: Clostridiales,Bacteria,Firmicutes,Clostridia,Clostridia,Clostridia,Clostridia,Clostridia,1.2468274111675126,1.4039823008849555,1.884223300970874,0.0,0.581218274111675,0.005556381,S
Order: Bacillales,Bacteria,Firmicutes,Bacilli,Bacilli,Bacilli,Bacilli,Bacilli,0.23324873096446702,0.15663716814159298,0.11820388349514561,0.0027573529411764708,0.43756345177664924,0.0051954720000000005,S
Class: Campylobacteria,Bacteria,Epsilonbacteraeota,Epsilonbacteraeota,Epsilonbacteraeota,Epsilonbacteraeota,Epsilonbacteraeota,Epsilonbacteraeota,0.4955583756345181,1.1292035398230087,0.6694174757281555,0.02647058823529412,0.37791878172588833,0.048779950999999995,NS
Order: Campylobacterales,Bacteria,Epsilonbacteraeota,Campylobacteria,Campylobacteria,Campylobacteria,Campylobacteria,Campylobacteria,0.4955583756345181,1.1292035398230087,0.6694174757281555,0.02647058823529412,0.37791878172588833,0.014856111000000002,NS
ASV0414: Sulfurovum,Bacteria,Epsilonbacteraeota,Campylobacteria,Campylobacterales,Sulfurovaceae,Sulfurovum,Sulfurovum,0.18032994923857856,0.15530973451327434,0.0012135922330097086,0.006066176470588237,0.14213197969543148,0.0053916219999999996,S
Species: Sulfurovum,Bacteria,Epsilonbacteraeota,Campylobacteria,Campylobacterales,Sulfurovaceae,Sulfurovum,Sulfurovum,0.24479695431472068,0.4517699115044248,0.0012135922330097086,0.006066176470588237,0.14213197969543148,0.008667704,S
Genera: Sulfurovum,Bacteria,Epsilonbacteraeota,Campylobacteria,Campylobacterales,Sulfurovaceae,Sulfurovaceae,Sulfurovaceae,0.3403553299492385,0.6924778761061948,0.30849514563106795,0.006066176470588237,0.14213197969543148,0.00691743,S
Family: Sulfurovaceae,Bacteria,Epsilonbacteraeota,Campylobacteria,Campylobacterales,Campylobacterales,Campylobacterales,Campylobacterales,0.3403553299492385,0.6924778761061948,0.30849514563106795,0.006066176470588237,0.14213197969543148,0.014632595,S
Class: Entotheonellia,Bacteria,Entotheonellaeota,Entotheonellaeota,Entotheonellaeota,Entotheonellaeota,Entotheonellaeota,Entotheonellaeota,0.06560913705583755,0.1699115044247788,0.2024271844660194,0.0,0.0,0.011950723,S
Class: Dadabacteriia,Bacteria,Dadabacteria,Dadabacteria,Dadabacteria,Dadabacteria,Dadabacteria,Dadabacteria,0.40697969543147217,0.12477876106194694,0.7601941747572813,0.031433823529411764,0.0,0.010139591,S
Family: Cyanobiaceae,Bacteria,Cyanobacteria,Oxyphotobacteria,Synechococcales,Synechococcales,Synechococcales,Synechococcales,0.05456852791878174,0.16681415929203539,0.21771844660194173,1.0911764705882352,4.709644670050763,0.008417261,S
Species: Synechococcus CC9902,Bacteria,Cyanobacteria,Oxyphotobacteria,Synechococcales,Cyanobiaceae,Synechococcus CC9902,Synechococcus CC9902,0.048477157360406115,0.15530973451327434,0.2160194174757281,0.9389705882352941,4.286548223350255,0.005053259,S
Genera: Synechococcus CC9902,Bacteria,Cyanobacteria,Oxyphotobacteria,Synechococcales,Cyanobiaceae,Cyanobiaceae,Cyanobiaceae,0.048477157360406115,0.15530973451327434,0.2160194174757281,0.9389705882352941,4.286548223350255,0.005031488,S
Family: Phormidesmiaceae,Bacteria,Cyanobacteria,Oxyphotobacteria,Phormidesmiales,Phormidesmiales,Phormidesmiales,Phormidesmiales,0.09492385786802032,0.05176991150442477,0.13786407766990294,0.0,6.779949238578681,0.007103676,S
Order: Synechococcales,Bacteria,Cyanobacteria,Oxyphotobacteria,Oxyphotobacteria,Oxyphotobacteria,Oxyphotobacteria,Oxyphotobacteria,0.10532994923857861,0.17699115044247782,0.32864077669902914,1.0911764705882352,5.664213197969542,0.014360585,S
Order: Phormidesmiales,Bacteria,Cyanobacteria,Oxyphotobacteria,Oxyphotobacteria,Oxyphotobacteria,Oxyphotobacteria,Oxyphotobacteria,0.13007614213197968,0.1942477876106195,0.1444174757281554,0.0001838235294117647,6.8685279187817265,0.010032689000000001,S
Order: Nostocales,Bacteria,Cyanobacteria,Oxyphotobacteria,Oxyphotobacteria,Oxyphotobacteria,Oxyphotobacteria,Oxyphotobacteria,0.03705583756345178,0.08672566371681417,0.0808252427184466,0.005147058823529412,6.206091370558371,0.008398529,S
Family: Xenococcaceae,Bacteria,Cyanobacteria,Oxyphotobacteria,Nostocales,Nostocales,Nostocales,Nostocales,0.03604060913705583,0.036283185840707964,0.019174757281553403,0.0,2.2743654822335033,0.006304888000000001,S
Family: Nostocaceae,Bacteria,Cyanobacteria,Oxyphotobacteria,Nostocales,Nostocales,Nostocales,Nostocales,0.0,0.0,0.00024271844660194176,0.0,3.804822335025381,0.005278698,S
Class: Oxyphotobacteria,Bacteria,Cyanobacteria,Cyanobacteria,Cyanobacteria,Cyanobacteria,Cyanobacteria,Cyanobacteria,0.28781725888324866,0.5039823008849558,0.553883495145631,1.096691176470588,18.77182741116751,0.056588590999999994,S
Class: Anaerolineae,Bacteria,Chloroflexi,Chloroflexi,Chloroflexi,Chloroflexi,Chloroflexi,Chloroflexi,0.5426395939086295,0.9889380530973452,0.9543689320388353,0.0005514705882352942,0.0,0.015165768999999999,S
Class: Chlamydiae,Bacteria,Chlamydiae,Chlamydiae,Chlamydiae,Chlamydiae,Chlamydiae,Chlamydiae,0.01598984771573604,0.07389380530973452,0.4065533980582524,0.0,0.0,0.007107283000000001,NS
Family: Flavobacteriaceae,Bacteria,Bacteroidetes,Bacteroidia,Flavobacteriales,Flavobacteriales,Flavobacteriales,Flavobacteriales,6.124746192893401,4.049557522123894,3.7830097087378642,6.173713235294118,8.159390862944162,0.037519282,NS
Family: Crocinitomicaceae,Bacteria,Bacteroidetes,Bacteroidia,Flavobacteriales,Flavobacteriales,Flavobacteriales,Flavobacteriales,0.35139593908629446,0.3424778761061947,0.453398058252427,0.19724264705882355,0.11345177664974622,0.015408561000000001,S
Family: Cryomorphaceae,Bacteria,Bacteroidetes,Bacteroidia,Flavobacteriales,Flavobacteriales,Flavobacteriales,Flavobacteriales,0.058502538071066,0.18761061946902657,0.22888349514563103,1.45,0.1210659898477157,0.010297143,S
Species: Winogradskyella,Bacteria,Bacteroidetes,Bacteroidia,Flavobacteriales,Flavobacteriaceae,Winogradskyella,Winogradskyella,0.2501269035532994,0.1464601769911504,0.1179611650485437,0.05900735294117648,0.4741116751269036,0.007177833000000001,S
Species: Tenacibaculum,Bacteria,Bacteroidetes,Bacteroidia,Flavobacteriales,Flavobacteriaceae,Tenacibaculum,Tenacibaculum,0.6793147208121822,0.3469026548672566,0.3798543689320387,0.029779411764705888,0.17791878172588832,0.006267249,S
ASV3271: Robiginitalea,Bacteria,Bacteroidetes,Bacteroidia,Flavobacteriales,Flavobacteriaceae,Robiginitalea,Robiginitalea,0.05482233502538074,0.06150442477876106,0.0,0.005882352941176471,0.06751269035532995,0.005210871,S
Species: Robiginitalea,Bacteria,Bacteroidetes,Bacteroidia,Flavobacteriales,Flavobacteriaceae,Robiginitalea,Robiginitalea,0.05926395939086297,0.06194690265486725,0.009708737864077669,0.011764705882352941,0.17766497461928937,0.006562219,S
Species: Pseudofulvibacter,Bacteria,Bacteroidetes,Bacteroidia,Flavobacteriales,Flavobacteriaceae,Pseudofulvibacter,Pseudofulvibacter,0.35824873096446697,0.7371681415929202,0.6172330097087378,0.0001838235294117647,0.00888324873096447,0.0068262769999999995,S
Species: NS4 marine group,Bacteria,Bacteroidetes,Bacteroidia,Flavobacteriales,Flavobacteriaceae,NS4 marine group,NS4 marine group,0.003299492385786803,0.01769911504424779,0.014320388349514561,1.188970588235294,0.5576142131979694,0.005482483000000001,S
ASV3291: Flavobacteriaceae,Bacteria,Bacteroidetes,Bacteroidia,Flavobacteriales,Flavobacteriaceae,Flavobacteriaceae,Flavobacteriaceae,0.03274111675126904,0.008849557522123895,0.0021844660194174754,0.2917279411764705,0.030710659898477162,0.005501869,S
Species: Flavobacteriaceae,Bacteria,Bacteroidetes,Bacteroidia,Flavobacteriales,Flavobacteriaceae,Flavobacteriaceae,Flavobacteriaceae,1.9411167512690355,1.2579646017699115,1.1851941747572812,1.0404411764705883,0.9068527918781721,0.0158965,NS
Genera: Pseudofulvibacter,Bacteria,Bacteroidetes,Bacteroidia,Flavobacteriales,Flavobacteriaceae,Flavobacteriaceae,Flavobacteriaceae,0.35824873096446697,0.7371681415929202,0.6172330097087378,0.0001838235294117647,0.00888324873096447,0.006902255,S
Genera: Flavobacteriaceae,Bacteria,Bacteroidetes,Bacteroidia,Flavobacteriales,Flavobacteriaceae,Flavobacteriaceae,Flavobacteriaceae,1.9411167512690355,1.2579646017699115,1.1851941747572812,1.0404411764705883,0.9068527918781721,0.017756539,NS
Genera: Tenacibaculum,Bacteria,Bacteroidetes,Bacteroidia,Flavobacteriales,Flavobacteriaceae,Flavobacteriaceae,Flavobacteriaceae,0.6793147208121822,0.3469026548672566,0.3798543689320387,0.029779411764705888,0.17791878172588832,0.006807198,S
Genera: Robiginitalea,Bacteria,Bacteroidetes,Bacteroidia,Flavobacteriales,Flavobacteriaceae,Flavobacteriaceae,Flavobacteriaceae,0.05926395939086297,0.06194690265486725,0.009708737864077669,0.011764705882352941,0.19517766497461927,0.0063452,S
Genera: Winogradskyella,Bacteria,Bacteroidetes,Bacteroidia,Flavobacteriales,Flavobacteriaceae,Flavobacteriaceae,Flavobacteriaceae,0.25951776649746183,0.1464601769911504,0.1201456310679612,0.05900735294117648,0.5152284263959391,0.006574525,S
Genera: Muriicola,Bacteria,Bacteroidetes,Bacteroidia,Flavobacteriales,Flavobacteriaceae,Flavobacteriaceae,Flavobacteriaceae,0.052411167512690385,0.059734513274336286,0.00024271844660194176,0.0045955882352941195,0.054568527918781716,0.005467604,S
Genera: Algitalea,Bacteria,Bacteroidetes,Bacteroidia,Flavobacteriales,Flavobacteriaceae,Flavobacteriaceae,Flavobacteriaceae,0.030456852791878174,0.0,0.010194174757281552,0.0001838235294117647,0.0,0.007240743000000001,S
Species: Algitalea,Bacteria,Bacteroidetes,Bacteroidia,Flavobacteriales,Flavobacteriaceae,Algitalea,Algitalea,0.030456852791878174,0.0,0.010194174757281552,0.0001838235294117647,0.0,0.00691586,S
Species: Cryomorphaceae,Bacteria,Bacteroidetes,Bacteroidia,Flavobacteriales,Cryomorphaceae,Cryomorphaceae,Cryomorphaceae,0.042639593908629446,0.18761061946902657,0.21723300970873782,1.4428308823529412,0.10583756345177664,0.006305713,S
Genera: Cryomorphaceae,Bacteria,Bacteroidetes,Bacteroidia,Flavobacteriales,Cryomorphaceae,Cryomorphaceae,Cryomorphaceae,0.042639593908629446,0.18761061946902657,0.21723300970873782,1.4428308823529412,0.10583756345177664,0.00668607,S
Family: Cyclobacteriaceae,Bacteria,Bacteroidetes,Bacteroidia,Cytophagales,Cytophagales,Cytophagales,Cytophagales,0.8559644670050763,1.000442477876106,0.4429611650485436,0.02426470588235294,0.13604060913705582,0.009956614,S
Species: Saprospiraceae,Bacteria,Bacteroidetes,Bacteroidia,Chitinophagales,Saprospiraceae,Saprospiraceae,Saprospiraceae,0.6154822335025384,0.6738938053097346,0.40388349514563093,0.014154411764705884,0.34086294416243645,0.006668269,S
Genera: Saprospiraceae,Bacteria,Bacteroidetes,Bacteroidia,Chitinophagales,Saprospiraceae,Saprospiraceae,Saprospiraceae,0.6154822335025384,0.6738938053097346,0.40388349514563093,0.014154411764705884,0.34086294416243645,0.007983478,S
Family: Saprospiraceae,Bacteria,Bacteroidetes,Bacteroidia,Chitinophagales,Chitinophagales,Chitinophagales,Chitinophagales,0.9907360406091366,1.1778761061946903,0.8339805825242717,0.061213235294117645,2.1144670050761425,0.016509011,NS
Order: Flavobacteriales,Bacteria,Bacteroidetes,Bacteroidia,Bacteroidia,Bacteroidia,Bacteroidia,Bacteroidia,6.60177664974619,4.63141592920354,4.5548543689320375,8.308639705882355,8.50558375634517,0.054054942,NS
Order: Chitinophagales,Bacteria,Bacteroidetes,Bacteroidia,Bacteroidia,Bacteroidia,Bacteroidia,Bacteroidia,1.0852791878172585,1.3079646017699114,0.9230582524271842,0.06636029411764705,2.2467005076142135,0.024396783,NS
Order: Cytophagales,Bacteria,Bacteroidetes,Bacteroidia,Bacteroidia,Bacteroidia,Bacteroidia,Bacteroidia,1.0308375634517768,2.545132743362832,0.9135922330097087,0.058639705882352955,0.16167512690355332,0.010939206000000002,S
Order: Sphingobacteriales,Bacteria,Bacteroidetes,Bacteroidia,Bacteroidia,Bacteroidia,Bacteroidia,Bacteroidia,0.004441624365482234,0.006194690265486727,0.026213592233009706,0.4242647058823528,0.24340101522842644,0.007300028,S
Class: Bacteroidia,Bacteria,Bacteroidetes,Bacteroidetes,Bacteroidetes,Bacteroidetes,Bacteroidetes,Bacteroidetes,8.916116751269032,9.685840707964603,7.099757281553399,8.863235294117649,11.703045685279193,0.128252397,NS
Class: Rhodothermia,Bacteria,Bacteroidetes,Bacteroidetes,Bacteroidetes,Bacteroidetes,Bacteroidetes,Bacteroidetes,0.0368020304568528,0.035840707964601766,0.05655339805825243,0.03658088235294117,0.4302030456852792,0.018438067,S
Phylum: Planctomycetes,Bacteria,Bacteria,Bacteria,Bacteria,Bacteria,Bacteria,Bacteria,1.5071065989847712,1.2553097345132742,1.6063106796116497,0.4545955882352941,1.0010152284263953,0.10335432900000001,NS
Phylum: Proteobacteria,Bacteria,Bacteria,Bacteria,Bacteria,Bacteria,Bacteria,Bacteria,48.60621827411164,28.700000000000003,50.605582524271824,58.846323529411805,42.32741116751267,0.109774226,NS
Phylum: Verrucomicrobia,Bacteria,Bacteria,Bacteria,Bacteria,Bacteria,Bacteria,Bacteria,1.0288071065989872,1.0261061946902652,0.806796116504854,6.092463235294114,1.7464467005076147,0.089250009,NS
Phylum: Bacteroidetes,Bacteria,Bacteria,Bacteria,Bacteria,Bacteria,Bacteria,Bacteria,8.952918781725883,9.757964601769912,7.178398058252427,8.906250000000002,12.133248730964462,0.17641514,NS
Phylum: Cyanobacteria,Bacteria,Bacteria,Bacteria,Bacteria,Bacteria,Bacteria,Bacteria,0.28781725888324866,0.5039823008849558,0.553883495145631,1.096691176470588,18.77182741116751,0.07584722299999999,S
Phylum: Actinobacteria,Bacteria,Bacteria,Bacteria,Bacteria,Bacteria,Bacteria,Bacteria,0.6893401015228428,0.7650442477876104,0.7871359223300971,2.0349264705882346,2.0862944162436556,0.09024081099999999,NS
Phylum: Chlamydiae,Bacteria,Bacteria,Bacteria,Bacteria,Bacteria,Bacteria,Bacteria,0.01598984771573604,0.07389380530973452,0.4065533980582524,0.0,0.0,0.01230315,S
Phylum: Firmicutes,Bacteria,Bacteria,Bacteria,Bacteria,Bacteria,Bacteria,Bacteria,1.597969543147208,1.5650442477876105,2.0643203883495147,0.0056985294117647065,1.127157360406091,0.03370056,S
Phylum: Thermotogae,Bacteria,Bacteria,Bacteria,Bacteria,Bacteria,Bacteria,Bacteria,0.12753807106598986,0.35176991150442477,0.06432038834951455,0.0,0.0,0.012807424,S
Phylum: Epsilonbacteraeota,Bacteria,Bacteria,Bacteria,Bacteria,Bacteria,Bacteria,Bacteria,0.4955583756345181,1.1292035398230087,0.6694174757281555,0.02647058823529412,0.37791878172588833,0.06597328200000001,NS
Phylum: Synergistetes,Bacteria,Bacteria,Bacteria,Bacteria,Bacteria,Bacteria,Bacteria,0.0549492385786802,0.1331858407079646,0.014805825242718446,0.0,0.0,0.010193888,S
Phylum: Chloroflexi,Bacteria,Bacteria,Bacteria,Bacteria,Bacteria,Bacteria,Bacteria,0.5656091370558377,1.0460176991150443,0.9611650485436898,0.054595588235294125,0.004568527918781726,0.02649031,S
Phylum: Marinimicrobia (SAR406 clade),Bacteria,Bacteria,Bacteria,Bacteria,Bacteria,Bacteria,Bacteria,0.07804568527918783,0.002654867256637168,0.0266990291262136,1.7761029411764713,0.10253807106598986,0.029168816,S
Phylum: Dadabacteria,Bacteria,Bacteria,Bacteria,Bacteria,Bacteria,Bacteria,Bacteria,0.40697969543147217,0.12477876106194694,0.7601941747572813,0.031433823529411764,0.0,0.014416645,S
Phylum: Nitrospirae,Bacteria,Bacteria,Bacteria,Bacteria,Bacteria,Bacteria,Bacteria,0.3756345177664976,0.388495575221239,1.296116504854369,0.0001838235294117647,0.0,0.032867102999999995,S
Phylum: Patescibacteria,Bacteria,Bacteria,Bacteria,Bacteria,Bacteria,Bacteria,Bacteria,0.16269035532994927,0.015044247787610621,0.2924757281553398,0.0003676470588235294,0.05253807106598986,0.026353862000000002,S
Phylum: Acidobacteria,Bacteria,Bacteria,Bacteria,Bacteria,Bacteria,Bacteria,Bacteria,0.10494923857868023,0.5265486725663716,0.4230582524271844,0.0012867647058823531,0.04314720812182741,0.014365382,S
Phylum: Gemmatimonadetes,Bacteria,Bacteria,Bacteria,Bacteria,Bacteria,Bacteria,Bacteria,0.05152284263959392,0.01592920353982301,0.1895631067961165,0.01011029411764706,0.0,0.010670048,S
Phylum: Entotheonellaeota,Bacteria,Bacteria,Bacteria,Bacteria,Bacteria,Bacteria,Bacteria,0.06560913705583755,0.1699115044247788,0.2024271844660194,0.0,0.0,0.014578734,S
Phylum: WPS-2,Bacteria,Bacteria,Bacteria,Bacteria,Bacteria,Bacteria,Bacteria,0.0,0.0,0.0,0.0016544117647058823,0.2870558375634518,0.007049466999999999,S
Phylum: Atribacteria,Bacteria,Bacteria,Bacteria,Bacteria,Bacteria,Bacteria,Bacteria,0.00469543147208122,0.31061946902654863,0.0,0.0003676470588235294,0.0005076142131979696,0.005483254,S
Phylum: Nitrospinae,Bacteria,Bacteria,Bacteria,Bacteria,Bacteria,Bacteria,Bacteria,0.003045685279187817,0.0,0.007038834951456311,0.0,0.0,0.007282371,S
Class: JS1,Bacteria,Atribacteria,Atribacteria,Atribacteria,Atribacteria,Atribacteria,Atribacteria,0.00469543147208122,0.31061946902654863,0.0,0.0003676470588235294,0.0005076142131979696,0.005260241999999999,S
Class: Acidimicrobiia,Bacteria,Actinobacteria,Actinobacteria,Actinobacteria,Actinobacteria,Actinobacteria,Actinobacteria,0.30837563451776645,0.44070796460177,0.5116504854368931,1.914522058823529,0.9170050761421323,0.052279959,NS
Class: Actinobacteria,Bacteria,Actinobacteria,Actinobacteria,Actinobacteria,Actinobacteria,Actinobacteria,Actinobacteria,0.3761421319796955,0.3230088495575221,0.26941747572815533,0.12040441176470591,1.146954314720812,0.020373092,S
Family: Microtrichaceae,Bacteria,Actinobacteria,Acidimicrobiia,Microtrichales,Microtrichales,Microtrichales,Microtrichales,0.2177664974619289,0.22787610619469034,0.4021844660194176,0.13308823529411762,0.054060913705583774,0.010690898999999999,S
Family: Ilumatobacteraceae,Bacteria,Actinobacteria,Acidimicrobiia,Microtrichales,Microtrichales,Microtrichales,Microtrichales,0.027157360406091395,0.16504424778761065,0.02281553398058252,0.21562499999999996,0.2939086294416244,0.008897335,S
Species: Sva0996 marine group,Bacteria,Actinobacteria,Acidimicrobiia,Microtrichales,Microtrichaceae,Sva0996 marine group,Sva0996 marine group,0.12931472081218276,0.14557522123893804,0.11577669902912624,0.13308823529411762,0.033248730964466996,0.007994423,S
Genera: Sva0996 marine group,Bacteria,Actinobacteria,Acidimicrobiia,Microtrichales,Microtrichaceae,Microtrichaceae,Microtrichaceae,0.12931472081218276,0.14557522123893804,0.11577669902912624,0.13308823529411762,0.033248730964466996,0.007585271,S
Genera: Ilumatobacter,Bacteria,Actinobacteria,Acidimicrobiia,Microtrichales,Ilumatobacteraceae,Ilumatobacteraceae,Ilumatobacteraceae,0.022969543147208123,0.04734513274336283,0.022572815533980575,0.15716911764705876,0.04619289340101525,0.005723864,S
Family: Actinomarinaceae,Bacteria,Actinobacteria,Acidimicrobiia,Actinomarinales,Actinomarinales,Actinomarinales,Actinomarinales,0.030203045685279185,0.03407079646017699,0.06189320388349516,1.565808823529412,0.5162436548223349,0.005077089,S
Order: Microtrichales,Bacteria,Actinobacteria,Acidimicrobiia,Acidimicrobiia,Acidimicrobiia,Acidimicrobiia,Acidimicrobiia,0.26992385786802026,0.39292035398230096,0.43276699029126225,0.3487132352941176,0.39213197969543145,0.026903237000000003,NS
Order: Actinomarinales,Bacteria,Actinobacteria,Acidimicrobiia,Acidimicrobiia,Acidimicrobiia,Acidimicrobiia,Acidimicrobiia,0.030203045685279185,0.03407079646017699,0.06189320388349516,1.565808823529412,0.5162436548223349,0.007908706,S
Class: Aminicenantia,Bacteria,Acidobacteria,Acidobacteria,Acidobacteria,Acidobacteria,Acidobacteria,Acidobacteria,0.008121827411167513,0.4915929203539823,0.03737864077669902,0.0,0.0,0.006206522,S
Class: Thermoanaerobaculia,Bacteria,Acidobacteria,Acidobacteria,Acidobacteria,Acidobacteria,Acidobacteria,Acidobacteria,0.07449238578680203,0.018584070796460173,0.31723300970873786,0.0,0.0,0.00863642,S
Class: Nitrososphaeria,Archaea,Thaumarchaeota,Thaumarchaeota,Thaumarchaeota,Thaumarchaeota,Thaumarchaeota,Thaumarchaeota,0.0751269035532995,0.8495575221238939,0.19805825242718453,0.0880514705882353,0.0005076142131979696,0.010268208000000001,S
Phylum: Thaumarchaeota,Archaea,Archaea,Archaea,Archaea,Archaea,Archaea,Archaea,0.0751269035532995,0.8495575221238939,0.19805825242718453,0.0880514705882353,0.0005076142131979696,0.018370541,S
