Taxa,kingdoms,phyla,classes,orders,families,genera,species,biofilm,unknown plastic,Importance,ANCOM
Order: Chthoniobacterales,Bacteria,Verrucomicrobia,Verrucomicrobiae,Verrucomicrobiae,Verrucomicrobiae,Verrucomicrobiae,Verrucomicrobiae,512.5,800.0,0.017237398732293928,NS
Order: Opitutales,Bacteria,Verrucomicrobia,Verrucomicrobiae,Verrucomicrobiae,Verrucomicrobiae,Verrucomicrobiae,Verrucomicrobiae,1070.8333333333333,1056.0,0.016518504406104268,NS
Family: Opitutaceae,Bacteria,Verrucomicrobia,Verrucomicrobiae,Opitutales,Opitutales,Opitutales,Opitutales,1070.8333333333333,1056.0,0.008083892158377176,NS
Species: Opitutus,Bacteria,Verrucomicrobia,Verrucomicrobiae,Opitutales,Opitutaceae,Opitutus,Opitutus,320.8333333333333,812.0,0.008138492885944284,NS
Genera: Opitutus,Bacteria,Verrucomicrobia,Verrucomicrobiae,Opitutales,Opitutaceae,Opitutaceae,Opitutaceae,320.8333333333333,812.0,0.006673414732222849,NS
Genera: Opitutaceae,Bacteria,Verrucomicrobia,Verrucomicrobiae,Opitutales,Opitutaceae,Opitutaceae,Opitutaceae,750.0,244.0,0.006015065462761415,NS
Family: Chthoniobacteraceae,Bacteria,Verrucomicrobia,Verrucomicrobiae,Chthoniobacterales,Chthoniobacterales,Chthoniobacterales,Chthoniobacterales,512.5,800.0,0.00850023016764625,NS
Genera: Chthoniobacter,Bacteria,Verrucomicrobia,Verrucomicrobiae,Chthoniobacterales,Chthoniobacteraceae,Chthoniobacteraceae,Chthoniobacteraceae,512.5,800.0,0.011140780899514636,NS
Species: Chthoniobacter,Bacteria,Verrucomicrobia,Verrucomicrobiae,Chthoniobacterales,Chthoniobacteraceae,Chthoniobacter,Chthoniobacter,512.5,800.0,0.008285824201951803,NS
Class: Verrucomicrobiae,Bacteria,Verrucomicrobia,Verrucomicrobia,Verrucomicrobia,Verrucomicrobia,Verrucomicrobia,Verrucomicrobia,1583.3333333333333,1856.0,0.033678898786055865,NS
Order: Proteobacteria,Bacteria,Proteobacteria,Proteobacteria,Proteobacteria,Proteobacteria,Proteobacteria,Proteobacteria,437.5,636.0,0.00720208243315105,NS
Class: Deltaproteobacteria,Bacteria,Proteobacteria,Proteobacteria,Proteobacteria,Proteobacteria,Proteobacteria,Proteobacteria,2783.3333333333335,3240.0,0.0609484052369138,NS
Class: Alphaproteobacteria,Bacteria,Proteobacteria,Proteobacteria,Proteobacteria,Proteobacteria,Proteobacteria,Proteobacteria,88358.33333333333,95016.0,0.058601475672929886,NS
Class: Gammaproteobacteria,Bacteria,Proteobacteria,Proteobacteria,Proteobacteria,Proteobacteria,Proteobacteria,Proteobacteria,97487.5,95332.0,0.028936862240010325,NS
Class: Proteobacteria,Bacteria,Proteobacteria,Proteobacteria,Proteobacteria,Proteobacteria,Proteobacteria,Proteobacteria,437.5,636.0,0.02812350343813777,NS
Family: Xanthomonadaceae,Bacteria,Proteobacteria,Gammaproteobacteria,Xanthomonadales,Xanthomonadales,Xanthomonadales,Xanthomonadales,30658.333333333332,19908.0,0.009510179024871387,NS
ASV1228: Xanthomonadaceae,Bacteria,Proteobacteria,Gammaproteobacteria,Xanthomonadales,Xanthomonadaceae,Xanthomonadaceae,Xanthomonadaceae,3816.6666666666665,2472.0,0.011476636907814992,NS
ASV0565: Xanthomonadaceae,Bacteria,Proteobacteria,Gammaproteobacteria,Xanthomonadales,Xanthomonadaceae,Xanthomonadaceae,Xanthomonadaceae,908.3333333333334,140.0,0.009631303364198127,NS
ASV1063: Xanthomonadaceae,Bacteria,Proteobacteria,Gammaproteobacteria,Xanthomonadales,Xanthomonadaceae,Xanthomonadaceae,Xanthomonadaceae,1766.6666666666667,920.0,0.008245172651925483,NS
ASV8489: Xanthomonadaceae,Bacteria,Proteobacteria,Gammaproteobacteria,Xanthomonadales,Xanthomonadaceae,Xanthomonadaceae,Xanthomonadaceae,6075.0,2880.0,0.007644954185749934,NS
ASV7236: Xanthomonadaceae,Bacteria,Proteobacteria,Gammaproteobacteria,Xanthomonadales,Xanthomonadaceae,Xanthomonadaceae,Xanthomonadaceae,366.6666666666667,584.0,0.005655134766927369,NS
Species: Xanthomonadaceae,Bacteria,Proteobacteria,Gammaproteobacteria,Xanthomonadales,Xanthomonadaceae,Xanthomonadaceae,Xanthomonadaceae,23737.5,16368.0,0.0057694864762973105,NS
Genera: Lysobacter,Bacteria,Proteobacteria,Gammaproteobacteria,Xanthomonadales,Xanthomonadaceae,Xanthomonadaceae,Xanthomonadaceae,3233.3333333333335,2440.0,0.013844715856891836,NS
Genera: Arenimonas,Bacteria,Proteobacteria,Gammaproteobacteria,Xanthomonadales,Xanthomonadaceae,Xanthomonadaceae,Xanthomonadaceae,2558.3333333333335,1044.0,0.011992275580425395,NS
Species: Lysobacter,Bacteria,Proteobacteria,Gammaproteobacteria,Xanthomonadales,Xanthomonadaceae,Lysobacter,Lysobacter,1204.1666666666667,1252.0,0.007879642781965663,NS
ASV7878: Arenimonas,Bacteria,Proteobacteria,Gammaproteobacteria,Xanthomonadales,Xanthomonadaceae,Arenimonas,Arenimonas,2558.3333333333335,1044.0,0.010724595038205224,NS
Species: Arenimonas,Bacteria,Proteobacteria,Gammaproteobacteria,Xanthomonadales,Xanthomonadaceae,Arenimonas,Arenimonas,2558.3333333333335,1044.0,0.024446547970471282,NS
Species: Dokdonella,Bacteria,Proteobacteria,Gammaproteobacteria,Xanthomonadales,Rhodanobacteraceae,Dokdonella,Dokdonella,4387.5,6556.0,0.011191941983802236,NS
Family: Steroidobacteraceae,Bacteria,Proteobacteria,Gammaproteobacteria,Steroidobacterales,Steroidobacterales,Steroidobacterales,Steroidobacterales,1562.5,1408.0,0.007001222405815275,NS
Species: R7C24,Bacteria,Proteobacteria,Gammaproteobacteria,R7C24,R7C24,R7C24,R7C24,737.5,560.0,0.005483058388670112,NS
Genera: R7C24,Bacteria,Proteobacteria,Gammaproteobacteria,R7C24,R7C24,R7C24,R7C24,737.5,560.0,0.005769573653749254,NS
Family: R7C24,Bacteria,Proteobacteria,Gammaproteobacteria,R7C24,R7C24,R7C24,R7C24,737.5,560.0,0.005838155855770043,NS
Family: Pseudomonadaceae,Bacteria,Proteobacteria,Gammaproteobacteria,Pseudomonadales,Pseudomonadales,Pseudomonadales,Pseudomonadales,10350.0,8124.0,0.009362951613338943,NS
Genera: Pseudomonas,Bacteria,Proteobacteria,Gammaproteobacteria,Pseudomonadales,Pseudomonadaceae,Pseudomonadaceae,Pseudomonadaceae,10350.0,8124.0,0.005481926825532388,NS
Family: Halomonadaceae,Bacteria,Proteobacteria,Gammaproteobacteria,Oceanospirillales,Oceanospirillales,Oceanospirillales,Oceanospirillales,1625.0,1160.0,0.0060609402598292865,NS
ASV6828: Halomonas,Bacteria,Proteobacteria,Gammaproteobacteria,Oceanospirillales,Halomonadaceae,Halomonas,Halomonas,683.3333333333334,452.0,0.005160806290818614,NS
Species: Halomonas,Bacteria,Proteobacteria,Gammaproteobacteria,Oceanospirillales,Halomonadaceae,Halomonas,Halomonas,683.3333333333334,452.0,0.010543827118613616,NS
Family: Methylococcales,Bacteria,Proteobacteria,Gammaproteobacteria,Methylococcales,Methylococcales,Methylococcales,Methylococcales,750.0,2696.0,0.013764983423362628,NS
Family: Methylomonaceae,Bacteria,Proteobacteria,Gammaproteobacteria,Methylococcales,Methylococcales,Methylococcales,Methylococcales,4516.666666666667,1300.0,0.007730158222944539,NS
Family: Methylococcaceae,Bacteria,Proteobacteria,Gammaproteobacteria,Methylococcales,Methylococcales,Methylococcales,Methylococcales,10570.833333333334,12688.0,0.005441547733433568,NS
Genera: Methylocaldum,Bacteria,Proteobacteria,Gammaproteobacteria,Methylococcales,Methylococcaceae,Methylococcaceae,Methylococcaceae,10200.0,11864.0,0.009548590284506345,NS
Genera: Methylococcus,Bacteria,Proteobacteria,Gammaproteobacteria,Methylococcales,Methylococcaceae,Methylococcaceae,Methylococcaceae,370.8333333333333,824.0,0.005670708538108929,NS
ASV3460: Methylocaldum,Bacteria,Proteobacteria,Gammaproteobacteria,Methylococcales,Methylococcaceae,Methylocaldum,Methylocaldum,4558.333333333333,1060.0,0.008361208954709147,NS
Species: Methylocaldum marinum,Bacteria,Proteobacteria,Gammaproteobacteria,Methylococcales,Methylococcaceae,Methylocaldum,Methylocaldum,2733.3333333333335,1088.0,0.006044244931913865,NS
Order: Enterobacteriales,Bacteria,Proteobacteria,Gammaproteobacteria,Gammaproteobacteria,Gammaproteobacteria,Gammaproteobacteria,Gammaproteobacteria,216.66666666666666,2428.0,0.1022494068328245,NS
Order: Methylococcales,Bacteria,Proteobacteria,Gammaproteobacteria,Gammaproteobacteria,Gammaproteobacteria,Gammaproteobacteria,Gammaproteobacteria,15837.5,16684.0,0.021467627991884036,NS
Order: Xanthomonadales,Bacteria,Proteobacteria,Gammaproteobacteria,Gammaproteobacteria,Gammaproteobacteria,Gammaproteobacteria,Gammaproteobacteria,41712.5,33912.0,0.018206163019905908,NS
Order: Diplorickettsiales,Bacteria,Proteobacteria,Gammaproteobacteria,Gammaproteobacteria,Gammaproteobacteria,Gammaproteobacteria,Gammaproteobacteria,712.5,1168.0,0.015286835538609987,NS
Order: R7C24,Bacteria,Proteobacteria,Gammaproteobacteria,Gammaproteobacteria,Gammaproteobacteria,Gammaproteobacteria,Gammaproteobacteria,737.5,560.0,0.014511531859936004,NS
Order: Betaproteobacteriales,Bacteria,Proteobacteria,Gammaproteobacteria,Gammaproteobacteria,Gammaproteobacteria,Gammaproteobacteria,Gammaproteobacteria,15958.333333333334,17400.0,0.0144078463589274,NS
Order: Oceanospirillales,Bacteria,Proteobacteria,Gammaproteobacteria,Gammaproteobacteria,Gammaproteobacteria,Gammaproteobacteria,Gammaproteobacteria,1704.1666666666667,2792.0,0.011648821717044674,NS
Order: Pseudomonadales,Bacteria,Proteobacteria,Gammaproteobacteria,Gammaproteobacteria,Gammaproteobacteria,Gammaproteobacteria,Gammaproteobacteria,17108.333333333332,16804.0,0.010916871488553704,NS
Order: Steroidobacterales,Bacteria,Proteobacteria,Gammaproteobacteria,Gammaproteobacteria,Gammaproteobacteria,Gammaproteobacteria,Gammaproteobacteria,1562.5,1408.0,0.010878297140531587,NS
Order: Cellvibrionales,Bacteria,Proteobacteria,Gammaproteobacteria,Gammaproteobacteria,Gammaproteobacteria,Gammaproteobacteria,Gammaproteobacteria,1937.5,2176.0,0.007023855557895679,NS
Family: Enterobacteriaceae,Bacteria,Proteobacteria,Gammaproteobacteria,Enterobacteriales,Enterobacteriales,Enterobacteriales,Enterobacteriales,216.66666666666666,2428.0,0.0824834479236494,NS
ASV5220: Enterobacteriaceae,Bacteria,Proteobacteria,Gammaproteobacteria,Enterobacteriales,Enterobacteriaceae,Enterobacteriaceae,Enterobacteriaceae,8.333333333333334,960.0,0.047356068133062826,NS
ASV7539: Enterobacteriaceae,Bacteria,Proteobacteria,Gammaproteobacteria,Enterobacteriales,Enterobacteriaceae,Enterobacteriaceae,Enterobacteriaceae,54.166666666666664,1420.0,0.0377512357623579,NS
Species: Enterobacteriaceae,Bacteria,Proteobacteria,Gammaproteobacteria,Enterobacteriales,Enterobacteriaceae,Enterobacteriaceae,Enterobacteriaceae,62.5,2380.0,0.04824808885367273,NS
Genera: Enterobacteriaceae,Bacteria,Proteobacteria,Gammaproteobacteria,Enterobacteriales,Enterobacteriaceae,Enterobacteriaceae,Enterobacteriaceae,62.5,2380.0,0.04911202879088182,NS
Genera: Pantoea,Bacteria,Proteobacteria,Gammaproteobacteria,Enterobacteriales,Enterobacteriaceae,Enterobacteriaceae,Enterobacteriaceae,154.16666666666666,48.0,0.0075975514502976405,NS
ASV10495: OM60(NOR5) clade,Bacteria,Proteobacteria,Gammaproteobacteria,Cellvibrionales,Halieaceae,OM60(NOR5) clade,OM60(NOR5) clade,791.6666666666666,1080.0,0.006193452648285346,NS
ASV5216: Nitrosomonas,Bacteria,Proteobacteria,Gammaproteobacteria,Betaproteobacteriales,Nitrosomonadaceae,Nitrosomonas,Nitrosomonas,237.5,2488.0,0.005222573586542589,NS
Species: Nitrosomonas,Bacteria,Proteobacteria,Gammaproteobacteria,Betaproteobacteriales,Nitrosomonadaceae,Nitrosomonas,Nitrosomonas,237.5,2488.0,0.006566915570488089,NS
ASV1107: Pusillimonas,Bacteria,Proteobacteria,Gammaproteobacteria,Betaproteobacteriales,Burkholderiaceae,Pusillimonas,Pusillimonas,245.83333333333334,652.0,0.005222328196685784,NS
Species: Burkholderiaceae,Bacteria,Proteobacteria,Gammaproteobacteria,Betaproteobacteriales,Burkholderiaceae,Burkholderiaceae,Burkholderiaceae,3750.0,1900.0,0.006836180277796873,NS
Genera: Massilia,Bacteria,Proteobacteria,Gammaproteobacteria,Betaproteobacteriales,Burkholderiaceae,Burkholderiaceae,Burkholderiaceae,6779.166666666667,1060.0,0.006785598007188465,NS
Genera: Burkholderia-Caballeronia-Paraburkholderia,Bacteria,Proteobacteria,Gammaproteobacteria,Betaproteobacteriales,Burkholderiaceae,Burkholderiaceae,Burkholderiaceae,25.0,1020.0,0.0055107932109558135,NS
Species: Burkholderia-Caballeronia-Paraburkholderia,Bacteria,Proteobacteria,Gammaproteobacteria,Betaproteobacteriales,Burkholderiaceae,Burkholderia-Caballeronia-Paraburkholderia,Burkholderia-Caballeronia-Paraburkholderia,25.0,1020.0,0.0052632004057284135,NS
Family: Nitrosomonadaceae,Bacteria,Proteobacteria,Gammaproteobacteria,Betaproteobacteriales,Betaproteobacteriales,Betaproteobacteriales,Betaproteobacteriales,2950.0,8616.0,0.015147268479826694,NS
Family: Burkholderiaceae,Bacteria,Proteobacteria,Gammaproteobacteria,Betaproteobacteriales,Betaproteobacteriales,Betaproteobacteriales,Betaproteobacteriales,13008.333333333334,8784.0,0.006768357380515364,NS
Species: Sandaracinaceae,Bacteria,Proteobacteria,Deltaproteobacteria,Myxococcales,Sandaracinaceae,Sandaracinaceae,Sandaracinaceae,2045.8333333333333,1200.0,0.013847302775152606,NS
Genera: Sandaracinaceae,Bacteria,Proteobacteria,Deltaproteobacteria,Myxococcales,Sandaracinaceae,Sandaracinaceae,Sandaracinaceae,2045.8333333333333,1200.0,0.009539438491530574,NS
Family: Sandaracinaceae,Bacteria,Proteobacteria,Deltaproteobacteria,Myxococcales,Myxococcales,Myxococcales,Myxococcales,2045.8333333333333,1200.0,0.02002446291424136,NS
Family: BIrii41,Bacteria,Proteobacteria,Deltaproteobacteria,Myxococcales,Myxococcales,Myxococcales,Myxococcales,737.5,2040.0,0.006396891540355118,NS
Species: BIrii41,Bacteria,Proteobacteria,Deltaproteobacteria,Myxococcales,BIrii41,BIrii41,BIrii41,737.5,2040.0,0.006828890397952497,NS
Genera: BIrii41,Bacteria,Proteobacteria,Deltaproteobacteria,Myxococcales,BIrii41,BIrii41,BIrii41,737.5,2040.0,0.0057059240557996395,NS
Order: Myxococcales,Bacteria,Proteobacteria,Deltaproteobacteria,Deltaproteobacteria,Deltaproteobacteria,Deltaproteobacteria,Deltaproteobacteria,2783.3333333333335,3240.0,0.02293277678009276,NS
Family: Sphingomonadaceae,Bacteria,Proteobacteria,Alphaproteobacteria,Sphingomonadales,Sphingomonadales,Sphingomonadales,Sphingomonadales,14008.333333333334,16784.0,0.005923132427755015,NS
Species: Sphingorhabdus,Bacteria,Proteobacteria,Alphaproteobacteria,Sphingomonadales,Sphingomonadaceae,Sphingorhabdus,Sphingorhabdus,420.8333333333333,2188.0,0.005622362299361017,NS
Species: Sphingopyxis,Bacteria,Proteobacteria,Alphaproteobacteria,Sphingomonadales,Sphingomonadaceae,Sphingopyxis,Sphingopyxis,791.6666666666666,336.0,0.009423063027322546,NS
ASV8358: Sphingomonadaceae,Bacteria,Proteobacteria,Alphaproteobacteria,Sphingomonadales,Sphingomonadaceae,Sphingomonadaceae,Sphingomonadaceae,450.0,1336.0,0.0062188836331319676,NS
Species: Sphingomonadaceae,Bacteria,Proteobacteria,Alphaproteobacteria,Sphingomonadales,Sphingomonadaceae,Sphingomonadaceae,Sphingomonadaceae,3520.8333333333335,3584.0,0.006046196393049825,NS
Genera: Sphingopyxis,Bacteria,Proteobacteria,Alphaproteobacteria,Sphingomonadales,Sphingomonadaceae,Sphingomonadaceae,Sphingomonadaceae,791.6666666666666,336.0,0.007775502849611945,NS
Genera: Sphingomonas,Bacteria,Proteobacteria,Alphaproteobacteria,Sphingomonadales,Sphingomonadaceae,Sphingomonadaceae,Sphingomonadaceae,8337.5,7368.0,0.0072599595155556935,NS
Genera: Altererythrobacter,Bacteria,Proteobacteria,Alphaproteobacteria,Sphingomonadales,Sphingomonadaceae,Sphingomonadaceae,Sphingomonadaceae,866.6666666666666,3304.0,0.00660227952195278,NS
Genera: Sphingomonadaceae,Bacteria,Proteobacteria,Alphaproteobacteria,Sphingomonadales,Sphingomonadaceae,Sphingomonadaceae,Sphingomonadaceae,3520.8333333333335,3584.0,0.00572828223350721,NS
Family: Sneathiellaceae,Bacteria,Proteobacteria,Alphaproteobacteria,Sneathiellales,Sneathiellales,Sneathiellales,Sneathiellales,712.5,940.0,0.011891831534137209,NS
Family: Rhodobacteraceae,Bacteria,Proteobacteria,Alphaproteobacteria,Rhodobacterales,Rhodobacterales,Rhodobacterales,Rhodobacterales,4566.666666666667,14392.0,0.02397382776585643,NS
ASV7489: Rhodobacteraceae,Bacteria,Proteobacteria,Alphaproteobacteria,Rhodobacterales,Rhodobacteraceae,Rhodobacteraceae,Rhodobacteraceae,62.5,1004.0,0.010132250519589766,NS
Species: Rhodobacteraceae,Bacteria,Proteobacteria,Alphaproteobacteria,Rhodobacterales,Rhodobacteraceae,Rhodobacteraceae,Rhodobacteraceae,62.5,1004.0,0.009105523295752904,NS
Genera: Rhodobacteraceae,Bacteria,Proteobacteria,Alphaproteobacteria,Rhodobacterales,Rhodobacteraceae,Rhodobacteraceae,Rhodobacteraceae,62.5,1004.0,0.01335321815366865,NS
Genera: Paracoccus,Bacteria,Proteobacteria,Alphaproteobacteria,Rhodobacterales,Rhodobacteraceae,Rhodobacteraceae,Rhodobacteraceae,1295.8333333333333,2708.0,0.006852803444458377,NS
Species: Paracoccus,Bacteria,Proteobacteria,Alphaproteobacteria,Rhodobacterales,Rhodobacteraceae,Paracoccus,Paracoccus,1295.8333333333333,2708.0,0.017029106654618386,NS
Genera: Xanthobacteraceae,Bacteria,Proteobacteria,Alphaproteobacteria,Rhizobiales,Xanthobacteraceae,Xanthobacteraceae,Xanthobacteraceae,266.6666666666667,692.0,0.008059550684564966,NS
Species: Afifella,Bacteria,Proteobacteria,Alphaproteobacteria,Rhizobiales,Rhodobiaceae,Afifella,Afifella,170.83333333333334,40.0,0.0052347194657586535,NS
Family: Hyphomicrobiaceae,Bacteria,Proteobacteria,Alphaproteobacteria,Rhizobiales,Rhizobiales,Rhizobiales,Rhizobiales,254.16666666666666,860.0,0.008011813355011232,NS
Family: Xanthobacteraceae,Bacteria,Proteobacteria,Alphaproteobacteria,Rhizobiales,Rhizobiales,Rhizobiales,Rhizobiales,266.6666666666667,692.0,0.0072002242477651485,NS
Family: Beijerinckiaceae,Bacteria,Proteobacteria,Alphaproteobacteria,Rhizobiales,Rhizobiales,Rhizobiales,Rhizobiales,2600.0,3664.0,0.006776820564557079,NS
Genera: Aliihoeflea,Bacteria,Proteobacteria,Alphaproteobacteria,Rhizobiales,Rhizobiaceae,Rhizobiaceae,Rhizobiaceae,162.5,1840.0,0.015312699086047703,NS
Genera: Tianweitania,Bacteria,Proteobacteria,Alphaproteobacteria,Rhizobiales,Rhizobiaceae,Rhizobiaceae,Rhizobiaceae,520.8333333333334,488.0,0.006421212438012006,NS
Genera: Ochrobactrum,Bacteria,Proteobacteria,Alphaproteobacteria,Rhizobiales,Rhizobiaceae,Rhizobiaceae,Rhizobiaceae,925.0,1516.0,0.006355017771624861,NS
Genera: Shinella,Bacteria,Proteobacteria,Alphaproteobacteria,Rhizobiales,Rhizobiaceae,Rhizobiaceae,Rhizobiaceae,1862.5,480.0,0.00503892963441667,NS
Species: Ochrobactrum,Bacteria,Proteobacteria,Alphaproteobacteria,Rhizobiales,Rhizobiaceae,Ochrobactrum,Ochrobactrum,925.0,1516.0,0.0050888653788637135,NS
ASV5953: Hyphomicrobiaceae,Bacteria,Proteobacteria,Alphaproteobacteria,Rhizobiales,Hyphomicrobiaceae,Hyphomicrobiaceae,Hyphomicrobiaceae,254.16666666666666,860.0,0.00994971689749657,NS
Species: Hyphomicrobiaceae,Bacteria,Proteobacteria,Alphaproteobacteria,Rhizobiales,Hyphomicrobiaceae,Hyphomicrobiaceae,Hyphomicrobiaceae,254.16666666666666,860.0,0.006054626073603057,NS
Genera: Hyphomicrobiaceae,Bacteria,Proteobacteria,Alphaproteobacteria,Rhizobiales,Hyphomicrobiaceae,Hyphomicrobiaceae,Hyphomicrobiaceae,254.16666666666666,860.0,0.006098860868909329,NS
Family: Reyranellaceae,Bacteria,Proteobacteria,Alphaproteobacteria,Reyranellales,Reyranellales,Reyranellales,Reyranellales,1066.6666666666667,364.0,0.01766312785452451,NS
Genera: Reyranella,Bacteria,Proteobacteria,Alphaproteobacteria,Reyranellales,Reyranellaceae,Reyranellaceae,Reyranellaceae,1066.6666666666667,364.0,0.024378434358324656,NS
ASV6730: Reyranella,Bacteria,Proteobacteria,Alphaproteobacteria,Reyranellales,Reyranellaceae,Reyranella,Reyranella,833.3333333333334,364.0,0.006699937868185839,NS
Species: Reyranella,Bacteria,Proteobacteria,Alphaproteobacteria,Reyranellales,Reyranellaceae,Reyranella,Reyranella,1066.6666666666667,364.0,0.01966644234946264,NS
Family: Parvibaculaceae,Bacteria,Proteobacteria,Alphaproteobacteria,Parvibaculales,Parvibaculales,Parvibaculales,Parvibaculales,825.0,208.0,0.015484692498264282,NS
Family: Parvibaculales,Bacteria,Proteobacteria,Alphaproteobacteria,Parvibaculales,Parvibaculales,Parvibaculales,Parvibaculales,354.1666666666667,1184.0,0.009586984810380613,NS
Family: Dongiaceae,Bacteria,Proteobacteria,Alphaproteobacteria,Dongiales,Dongiales,Dongiales,Dongiales,3966.6666666666665,2084.0,0.006272473942917867,NS
Genera: Dongia,Bacteria,Proteobacteria,Alphaproteobacteria,Dongiales,Dongiaceae,Dongiaceae,Dongiaceae,3966.6666666666665,2084.0,0.0066715937501555505,NS
ASV5904: Dongia,Bacteria,Proteobacteria,Alphaproteobacteria,Dongiales,Dongiaceae,Dongia,Dongia,3341.6666666666665,892.0,0.005261761448835813,NS
Family: Caulobacteraceae,Bacteria,Proteobacteria,Alphaproteobacteria,Caulobacterales,Caulobacterales,Caulobacterales,Caulobacterales,12941.666666666666,8064.0,0.013758258892269238,NS
Family: Hyphomonadaceae,Bacteria,Proteobacteria,Alphaproteobacteria,Caulobacterales,Caulobacterales,Caulobacterales,Caulobacterales,2608.3333333333335,1476.0,0.011784810190244254,NS
ASV12251: Phenylobacterium,Bacteria,Proteobacteria,Alphaproteobacteria,Caulobacterales,Caulobacteraceae,Phenylobacterium,Phenylobacterium,2045.8333333333333,960.0,0.005038322494509999,NS
Species: Phenylobacterium,Bacteria,Proteobacteria,Alphaproteobacteria,Caulobacterales,Caulobacteraceae,Phenylobacterium,Phenylobacterium,2045.8333333333333,960.0,0.007149858708805365,NS
Genera: Brevundimonas,Bacteria,Proteobacteria,Alphaproteobacteria,Caulobacterales,Caulobacteraceae,Caulobacteraceae,Caulobacteraceae,10862.5,7104.0,0.00792079046204552,NS
Genera: Phenylobacterium,Bacteria,Proteobacteria,Alphaproteobacteria,Caulobacterales,Caulobacteraceae,Caulobacteraceae,Caulobacteraceae,2045.8333333333333,960.0,0.007028046101193158,NS
ASV12262: Brevundimonas,Bacteria,Proteobacteria,Alphaproteobacteria,Caulobacterales,Caulobacteraceae,Brevundimonas,Brevundimonas,4308.333333333333,2980.0,0.01566895505898532,NS
ASV8640: Brevundimonas,Bacteria,Proteobacteria,Alphaproteobacteria,Caulobacterales,Caulobacteraceae,Brevundimonas,Brevundimonas,6554.166666666667,4124.0,0.008676626310541,NS
Species: Brevundimonas,Bacteria,Proteobacteria,Alphaproteobacteria,Caulobacterales,Caulobacteraceae,Brevundimonas,Brevundimonas,10862.5,7104.0,0.007235159497797213,NS
Family: Alphaproteobacteria,Bacteria,Proteobacteria,Alphaproteobacteria,Alphaproteobacteria,Alphaproteobacteria,Alphaproteobacteria,Alphaproteobacteria,1062.5,1552.0,0.00911931339876855,NS
Order: Reyranellales,Bacteria,Proteobacteria,Alphaproteobacteria,Alphaproteobacteria,Alphaproteobacteria,Alphaproteobacteria,Alphaproteobacteria,1066.6666666666667,364.0,0.03277315674431438,NS
Order: Dongiales,Bacteria,Proteobacteria,Alphaproteobacteria,Alphaproteobacteria,Alphaproteobacteria,Alphaproteobacteria,Alphaproteobacteria,3966.6666666666665,2084.0,0.027596355353734017,NS
Order: Caulobacterales,Bacteria,Proteobacteria,Alphaproteobacteria,Alphaproteobacteria,Alphaproteobacteria,Alphaproteobacteria,Alphaproteobacteria,15550.0,9540.0,0.023031195368386614,NS
Order: Rhodobacterales,Bacteria,Proteobacteria,Alphaproteobacteria,Alphaproteobacteria,Alphaproteobacteria,Alphaproteobacteria,Alphaproteobacteria,4566.666666666667,14392.0,0.015330412356364318,NS
Order: Sphingomonadales,Bacteria,Proteobacteria,Alphaproteobacteria,Alphaproteobacteria,Alphaproteobacteria,Alphaproteobacteria,Alphaproteobacteria,14008.333333333334,16784.0,0.014944628108056237,NS
Order: Rhizobiales,Bacteria,Proteobacteria,Alphaproteobacteria,Alphaproteobacteria,Alphaproteobacteria,Alphaproteobacteria,Alphaproteobacteria,19229.166666666668,23424.0,0.013072318447422966,NS
Order: Parvibaculales,Bacteria,Proteobacteria,Alphaproteobacteria,Alphaproteobacteria,Alphaproteobacteria,Alphaproteobacteria,Alphaproteobacteria,1179.1666666666667,1392.0,0.010793361316867364,NS
Order: Alphaproteobacteria,Bacteria,Proteobacteria,Alphaproteobacteria,Alphaproteobacteria,Alphaproteobacteria,Alphaproteobacteria,Alphaproteobacteria,1062.5,1552.0,0.00979325040872477,NS
Order: Rhodovibrionales,Bacteria,Proteobacteria,Alphaproteobacteria,Alphaproteobacteria,Alphaproteobacteria,Alphaproteobacteria,Alphaproteobacteria,1545.8333333333333,1408.0,0.009492265551810337,NS
Order: Sneathiellales,Bacteria,Proteobacteria,Alphaproteobacteria,Alphaproteobacteria,Alphaproteobacteria,Alphaproteobacteria,Alphaproteobacteria,712.5,940.0,0.007018501977246999,NS
Order: Acetobacterales,Bacteria,Proteobacteria,Alphaproteobacteria,Alphaproteobacteria,Alphaproteobacteria,Alphaproteobacteria,Alphaproteobacteria,737.5,1444.0,0.005838563332408942,NS
Order: Tistrellales,Bacteria,Proteobacteria,Alphaproteobacteria,Alphaproteobacteria,Alphaproteobacteria,Alphaproteobacteria,Alphaproteobacteria,7491.666666666667,2248.0,0.00569118931671003,NS
Order: Rhodospirillales,Bacteria,Proteobacteria,Alphaproteobacteria,Alphaproteobacteria,Alphaproteobacteria,Alphaproteobacteria,Alphaproteobacteria,1470.8333333333333,340.0,0.0055997262499403394,NS
Family: Saccharimonadaceae,Bacteria,Patescibacteria,Saccharimonadia,Saccharimonadales,Saccharimonadales,Saccharimonadales,Saccharimonadales,808.3333333333334,2640.0,0.00971754789414016,NS
Class: Saccharimonadia,Bacteria,Patescibacteria,Patescibacteria,Patescibacteria,Patescibacteria,Patescibacteria,Patescibacteria,3437.5,4728.0,0.014811137075065662,NS
Species: S0134 terrestrial group,Bacteria,Gemmatimonadetes,S0134 terrestrial group,S0134 terrestrial group,S0134 terrestrial group,S0134 terrestrial group,S0134 terrestrial group,3520.8333333333335,4232.0,0.005426941192598688,NS
Genera: S0134 terrestrial group,Bacteria,Gemmatimonadetes,S0134 terrestrial group,S0134 terrestrial group,S0134 terrestrial group,S0134 terrestrial group,S0134 terrestrial group,3520.8333333333335,4232.0,0.005699527994888184,NS
Family: S0134 terrestrial group,Bacteria,Gemmatimonadetes,S0134 terrestrial group,S0134 terrestrial group,S0134 terrestrial group,S0134 terrestrial group,S0134 terrestrial group,3520.8333333333335,4232.0,0.00703783656701635,NS
Order: S0134 terrestrial group,Bacteria,Gemmatimonadetes,S0134 terrestrial group,S0134 terrestrial group,S0134 terrestrial group,S0134 terrestrial group,S0134 terrestrial group,3520.8333333333335,4232.0,0.007722993590812622,NS
Family: Longimicrobiaceae,Bacteria,Gemmatimonadetes,Longimicrobia,Longimicrobiales,Longimicrobiales,Longimicrobiales,Longimicrobiales,520.8333333333334,644.0,0.005938814173084551,NS
Order: Longimicrobiales,Bacteria,Gemmatimonadetes,Longimicrobia,Longimicrobia,Longimicrobia,Longimicrobia,Longimicrobia,520.8333333333334,644.0,0.009485052114483248,NS
Order: Gemmatimonadales,Bacteria,Gemmatimonadetes,Gemmatimonadetes,Gemmatimonadetes,Gemmatimonadetes,Gemmatimonadetes,Gemmatimonadetes,3395.8333333333335,3444.0,0.009276202949987294,NS
Class: Gemmatimonadetes,Bacteria,Gemmatimonadetes,Gemmatimonadetes,Gemmatimonadetes,Gemmatimonadetes,Gemmatimonadetes,Gemmatimonadetes,3395.8333333333335,3444.0,0.02707754937664329,NS
Class: Longimicrobia,Bacteria,Gemmatimonadetes,Gemmatimonadetes,Gemmatimonadetes,Gemmatimonadetes,Gemmatimonadetes,Gemmatimonadetes,520.8333333333334,644.0,0.02641926911639481,NS
Class: S0134 terrestrial group,Bacteria,Gemmatimonadetes,Gemmatimonadetes,Gemmatimonadetes,Gemmatimonadetes,Gemmatimonadetes,Gemmatimonadetes,3520.8333333333335,4232.0,0.02506170289181259,NS
Family: Gemmatimonadaceae,Bacteria,Gemmatimonadetes,Gemmatimonadetes,Gemmatimonadales,Gemmatimonadales,Gemmatimonadales,Gemmatimonadales,3395.8333333333335,3444.0,0.006222716035589725,NS
Species: Gemmatimonas,Bacteria,Gemmatimonadetes,Gemmatimonadetes,Gemmatimonadales,Gemmatimonadaceae,Gemmatimonas,Gemmatimonas,3004.1666666666665,2480.0,0.0069784260684772285,NS
Class: Bacilli,Bacteria,Firmicutes,Firmicutes,Firmicutes,Firmicutes,Firmicutes,Firmicutes,1541.6666666666667,11540.0,0.11899342928825794,NS
Order: Bacillales,Bacteria,Firmicutes,Bacilli,Bacilli,Bacilli,Bacilli,Bacilli,1541.6666666666667,11532.0,0.0814426067870109,NS
Order: Lactobacillales,Bacteria,Firmicutes,Bacilli,Bacilli,Bacilli,Bacilli,Bacilli,0.0,8.0,0.0070464199479274734,NS
Genera: Novibacillus,Bacteria,Firmicutes,Bacilli,Bacillales,Thermoactinomycetaceae,Thermoactinomycetaceae,Thermoactinomycetaceae,220.83333333333334,1188.0,0.023886560565506112,NS
Genera: Planifilum,Bacteria,Firmicutes,Bacilli,Bacillales,Thermoactinomycetaceae,Thermoactinomycetaceae,Thermoactinomycetaceae,287.5,1924.0,0.005792515200396955,NS
ASV6168: Planifilum,Bacteria,Firmicutes,Bacilli,Bacillales,Thermoactinomycetaceae,Planifilum,Planifilum,287.5,1924.0,0.007692172323258265,NS
ASV2078: Novibacillus,Bacteria,Firmicutes,Bacilli,Bacillales,Thermoactinomycetaceae,Novibacillus,Novibacillus,220.83333333333334,1188.0,0.027913315999812137,NS
Species: Novibacillus,Bacteria,Firmicutes,Bacilli,Bacillales,Thermoactinomycetaceae,Novibacillus,Novibacillus,220.83333333333334,1188.0,0.013973122037387138,NS
ASV6189: Planomicrobium,Bacteria,Firmicutes,Bacilli,Bacillales,Planococcaceae,Planomicrobium,Planomicrobium,16.666666666666668,984.0,0.011678699476825715,NS
Species: Planomicrobium,Bacteria,Firmicutes,Bacilli,Bacillales,Planococcaceae,Planomicrobium,Planomicrobium,16.666666666666668,984.0,0.01599664736706411,NS
Species: Planococcaceae,Bacteria,Firmicutes,Bacilli,Bacillales,Planococcaceae,Planococcaceae,Planococcaceae,229.16666666666666,1528.0,0.008421234504261793,NS
Genera: Planomicrobium,Bacteria,Firmicutes,Bacilli,Bacillales,Planococcaceae,Planococcaceae,Planococcaceae,16.666666666666668,984.0,0.012658954992663512,NS
Genera: Planococcaceae,Bacteria,Firmicutes,Bacilli,Bacillales,Planococcaceae,Planococcaceae,Planococcaceae,229.16666666666666,1528.0,0.006751280944999764,NS
Family: Bacillaceae,Bacteria,Firmicutes,Bacilli,Bacillales,Bacillales,Bacillales,Bacillales,541.6666666666666,5868.0,0.029250181654146726,NS
Family: Thermoactinomycetaceae,Bacteria,Firmicutes,Bacilli,Bacillales,Bacillales,Bacillales,Bacillales,508.3333333333333,3112.0,0.02449200976192844,NS
Family: Planococcaceae,Bacteria,Firmicutes,Bacilli,Bacillales,Bacillales,Bacillales,Bacillales,245.83333333333334,2512.0,0.014451465870448476,NS
Species: Compostibacillus humi,Bacteria,Firmicutes,Bacilli,Bacillales,Bacillaceae,Oceanobacillus,Oceanobacillus,108.33333333333333,768.0,0.027111870744209697,NS
ASV10759: Compostibacillus humi,Bacteria,Firmicutes,Bacilli,Bacillales,Bacillaceae,Oceanobacillus,Compostibacillus humi,108.33333333333333,768.0,0.01458215859904445,NS
ASV7058: Bacillus kokeshiiformis,Bacteria,Firmicutes,Bacilli,Bacillales,Bacillaceae,Bacillus,Bacillus kokeshiiformis,262.5,3636.0,0.008903129569011212,NS
ASV6455: Bacillus,Bacteria,Firmicutes,Bacilli,Bacillales,Bacillaceae,Bacillus,Bacillus,170.83333333333334,1436.0,0.00637847121693652,NS
Species: Bacillus kokeshiiformis,Bacteria,Firmicutes,Bacilli,Bacillales,Bacillaceae,Bacillus,Bacillus,262.5,3636.0,0.009452460629142623,NS
Genera: Oceanobacillus,Bacteria,Firmicutes,Bacilli,Bacillales,Bacillaceae,Bacillaceae,Bacillaceae,108.33333333333333,768.0,0.033929584038487434,NS
Genera: Bacillus,Bacteria,Firmicutes,Bacilli,Bacillales,Bacillaceae,Bacillaceae,Bacillaceae,433.3333333333333,5100.0,0.008968035546913519,NS
Class: Deinococci,Bacteria,Deinococcus-Thermus,Deinococcus-Thermus,Deinococcus-Thermus,Deinococcus-Thermus,Deinococcus-Thermus,Deinococcus-Thermus,420.8333333333333,1744.0,0.01572536373975499,NS
Order: Deinococcales,Bacteria,Deinococcus-Thermus,Deinococci,Deinococci,Deinococci,Deinococci,Deinococci,420.8333333333333,1744.0,0.006501047136168107,NS
Family: Deinococcaceae,Bacteria,Deinococcus-Thermus,Deinococci,Deinococcales,Deinococcales,Deinococcales,Deinococcales,420.8333333333333,1744.0,0.007997511563520776,NS
Family: Sericytochromatia,Bacteria,Cyanobacteria,Sericytochromatia,Sericytochromatia,Sericytochromatia,Sericytochromatia,Sericytochromatia,162.5,904.0,0.00915009273952069,NS
Order: Sericytochromatia,Bacteria,Cyanobacteria,Sericytochromatia,Sericytochromatia,Sericytochromatia,Sericytochromatia,Sericytochromatia,162.5,904.0,0.005209392230879817,NS
Genera: Obscuribacterales,Bacteria,Cyanobacteria,Melainabacteria,Obscuribacterales,Obscuribacterales,Obscuribacterales,Obscuribacterales,2345.8333333333335,216.0,0.005850076660749223,NS
Family: Obscuribacterales,Bacteria,Cyanobacteria,Melainabacteria,Obscuribacterales,Obscuribacterales,Obscuribacterales,Obscuribacterales,2345.8333333333335,216.0,0.02922895594748208,NS
Order: Obscuribacterales,Bacteria,Cyanobacteria,Melainabacteria,Melainabacteria,Melainabacteria,Melainabacteria,Melainabacteria,2345.8333333333335,216.0,0.013844273318830995,NS
Class: Melainabacteria,Bacteria,Cyanobacteria,Cyanobacteria,Cyanobacteria,Cyanobacteria,Cyanobacteria,Cyanobacteria,2345.8333333333335,216.0,0.02909091453954535,NS
Class: Sericytochromatia,Bacteria,Cyanobacteria,Cyanobacteria,Cyanobacteria,Cyanobacteria,Cyanobacteria,Cyanobacteria,162.5,904.0,0.021207282153791925,NS
Class: Oxyphotobacteria,Bacteria,Cyanobacteria,Cyanobacteria,Cyanobacteria,Cyanobacteria,Cyanobacteria,Cyanobacteria,0.0,8.0,0.01971831659506833,NS
Order: KD4-96,Bacteria,Chloroflexi,KD4-96,KD4-96,KD4-96,KD4-96,KD4-96,412.5,600.0,0.005554778284199908,NS
Class: Anaerolineae,Bacteria,Chloroflexi,Chloroflexi,Chloroflexi,Chloroflexi,Chloroflexi,Chloroflexi,3929.1666666666665,6800.0,0.032507561913896164,NS
Class: KD4-96,Bacteria,Chloroflexi,Chloroflexi,Chloroflexi,Chloroflexi,Chloroflexi,Chloroflexi,412.5,600.0,0.020319365498545777,NS
Class: OLB14,Bacteria,Chloroflexi,Chloroflexi,Chloroflexi,Chloroflexi,Chloroflexi,Chloroflexi,645.8333333333334,496.0,0.018770602657226527,NS
Class: Chloroflexia,Bacteria,Chloroflexi,Chloroflexi,Chloroflexi,Chloroflexi,Chloroflexi,Chloroflexi,7662.5,11340.0,0.015087861248612784,NS
Class: Gitt-GS-136,Bacteria,Chloroflexi,Chloroflexi,Chloroflexi,Chloroflexi,Chloroflexi,Chloroflexi,3275.0,4944.0,0.0148231793842226,NS
Family: A4b,Bacteria,Chloroflexi,Anaerolineae,SBR1031,SBR1031,SBR1031,SBR1031,983.3333333333334,1028.0,0.005514267930947518,NS
Order: SBR1031,Bacteria,Chloroflexi,Anaerolineae,Anaerolineae,Anaerolineae,Anaerolineae,Anaerolineae,3929.1666666666665,6800.0,0.01185709645918692,NS
Order: Chlamydiales,Bacteria,Chlamydiae,Chlamydiae,Chlamydiae,Chlamydiae,Chlamydiae,Chlamydiae,1837.5,500.0,0.005924812538594165,NS
Class: Chlamydiae,Bacteria,Chlamydiae,Chlamydiae,Chlamydiae,Chlamydiae,Chlamydiae,Chlamydiae,1837.5,500.0,0.027643098621373832,NS
Order: Rhodothermales,Bacteria,Bacteroidetes,Rhodothermia,Rhodothermia,Rhodothermia,Rhodothermia,Rhodothermia,1733.3333333333333,4436.0,0.007908610097498088,NS
Species: Rhodothermaceae,Bacteria,Bacteroidetes,Rhodothermia,Rhodothermales,Rhodothermaceae,Rhodothermaceae,Rhodothermaceae,1095.8333333333333,3896.0,0.005269787988753849,NS
Genera: Rhodothermus,Bacteria,Bacteroidetes,Rhodothermia,Rhodothermales,Rhodothermaceae,Rhodothermaceae,Rhodothermaceae,637.5,540.0,0.005633154359438081,NS
ASV8240: SJA-28,Bacteria,Bacteroidetes,Ignavibacteria,SJA-28,SJA-28,SJA-28,SJA-28,229.16666666666666,800.0,0.010376115284128335,NS
Species: SJA-28,Bacteria,Bacteroidetes,Ignavibacteria,SJA-28,SJA-28,SJA-28,SJA-28,229.16666666666666,800.0,0.011991786803403915,NS
Genera: SJA-28,Bacteria,Bacteroidetes,Ignavibacteria,SJA-28,SJA-28,SJA-28,SJA-28,229.16666666666666,800.0,0.005298368795158088,NS
Family: SJA-28,Bacteria,Bacteroidetes,Ignavibacteria,SJA-28,SJA-28,SJA-28,SJA-28,229.16666666666666,800.0,0.01409793928210866,NS
Species: OPB56,Bacteria,Bacteroidetes,Ignavibacteria,OPB56,OPB56,OPB56,OPB56,279.1666666666667,820.0,0.00681301499988408,NS
Family: OPB56,Bacteria,Bacteroidetes,Ignavibacteria,OPB56,OPB56,OPB56,OPB56,279.1666666666667,820.0,0.013613283983610048,NS
Order: OPB56,Bacteria,Bacteroidetes,Ignavibacteria,Ignavibacteria,Ignavibacteria,Ignavibacteria,Ignavibacteria,279.1666666666667,820.0,0.014319350391186913,NS
Order: SJA-28,Bacteria,Bacteroidetes,Ignavibacteria,Ignavibacteria,Ignavibacteria,Ignavibacteria,Ignavibacteria,229.16666666666666,800.0,0.012376937304098076,NS
Order: Ignavibacteriales,Bacteria,Bacteroidetes,Ignavibacteria,Ignavibacteria,Ignavibacteria,Ignavibacteria,Ignavibacteria,95.83333333333333,808.0,0.008403568037909245,NS
Family: Sphingobacteriaceae,Bacteria,Bacteroidetes,Bacteroidia,Sphingobacteriales,Sphingobacteriales,Sphingobacteriales,Sphingobacteriales,17491.666666666668,13528.0,0.01941059804539395,NS
Genera: Pedobacter,Bacteria,Bacteroidetes,Bacteroidia,Sphingobacteriales,Sphingobacteriaceae,Sphingobacteriaceae,Sphingobacteriaceae,8637.5,9888.0,0.0081557701228585,NS
Species: Pedobacter,Bacteria,Bacteroidetes,Bacteroidia,Sphingobacteriales,Sphingobacteriaceae,Pedobacter,Pedobacter,5895.833333333333,7888.0,0.007643001038877756,NS
Family: Weeksellaceae,Bacteria,Bacteroidetes,Bacteroidia,Flavobacteriales,Flavobacteriales,Flavobacteriales,Flavobacteriales,5358.333333333333,7408.0,0.006413221848399621,NS
Family: NS9 marine group,Bacteria,Bacteroidetes,Bacteroidia,Flavobacteriales,Flavobacteriales,Flavobacteriales,Flavobacteriales,1316.6666666666667,9996.0,0.0063842893353708895,NS
Species: Gelidibacter,Bacteria,Bacteroidetes,Bacteroidia,Flavobacteriales,Flavobacteriaceae,Gelidibacter,Gelidibacter,6262.5,3904.0,0.005106475187376435,NS
Species: Flavobacteriaceae,Bacteria,Bacteroidetes,Bacteroidia,Flavobacteriales,Flavobacteriaceae,Flavobacteriaceae,Flavobacteriaceae,1337.5,1788.0,0.005384303632834435,NS
Genera: Ulvibacter,Bacteria,Bacteroidetes,Bacteroidia,Flavobacteriales,Flavobacteriaceae,Flavobacteriaceae,Flavobacteriaceae,1458.3333333333333,3332.0,0.006209149161258656,NS
Species: Ohtaekwangia,Bacteria,Bacteroidetes,Bacteroidia,Cytophagales,Microscillaceae,Ohtaekwangia,Ohtaekwangia,1412.5,2940.0,0.009016965150782371,NS
ASV0336: OLB12,Bacteria,Bacteroidetes,Bacteroidia,Cytophagales,Microscillaceae,OLB12,OLB12,591.6666666666666,708.0,0.005311137839843706,NS
Species: OLB12,Bacteria,Bacteroidetes,Bacteroidia,Cytophagales,Microscillaceae,OLB12,OLB12,591.6666666666666,708.0,0.007865509827393912,NS
Species: Chryseolinea,Bacteria,Bacteroidetes,Bacteroidia,Cytophagales,Microscillaceae,Chryseolinea,Chryseolinea,5312.5,5080.0,0.015152311357528873,NS
Species: MWH-CFBk5,Bacteria,Bacteroidetes,Bacteroidia,Cytophagales,MWH-CFBk5,MWH-CFBk5,MWH-CFBk5,1633.3333333333333,1600.0,0.0068025950579772895,NS
Genera: MWH-CFBk5,Bacteria,Bacteroidetes,Bacteroidia,Cytophagales,MWH-CFBk5,MWH-CFBk5,MWH-CFBk5,1633.3333333333333,1600.0,0.006960466785803413,NS
ASV1680: Adhaeribacter,Bacteria,Bacteroidetes,Bacteroidia,Cytophagales,Hymenobacteraceae,Adhaeribacter,Adhaeribacter,1150.0,2028.0,0.005845289531998327,NS
Species: Adhaeribacter,Bacteria,Bacteroidetes,Bacteroidia,Cytophagales,Hymenobacteraceae,Adhaeribacter,Adhaeribacter,2537.5,8540.0,0.005870790564849588,NS
Family: Hymenobacteraceae,Bacteria,Bacteroidetes,Bacteroidia,Cytophagales,Cytophagales,Cytophagales,Cytophagales,4570.833333333333,13524.0,0.00932709067027948,NS
Family: MWH-CFBk5,Bacteria,Bacteroidetes,Bacteroidia,Cytophagales,Cytophagales,Cytophagales,Cytophagales,1633.3333333333333,1600.0,0.008031976657509862,NS
Family: Cytophagaceae,Bacteria,Bacteroidetes,Bacteroidia,Cytophagales,Cytophagales,Cytophagales,Cytophagales,1100.0,3080.0,0.0073140439810597145,NS
Family: Spirosomaceae,Bacteria,Bacteroidetes,Bacteroidia,Cytophagales,Cytophagales,Cytophagales,Cytophagales,3620.8333333333335,10060.0,0.00649296685992122,NS
Family: Cyclobacteriaceae,Bacteria,Bacteroidetes,Bacteroidia,Cytophagales,Cytophagales,Cytophagales,Cytophagales,5570.833333333333,7036.0,0.005364402722403059,NS
Family: Microscillaceae,Bacteria,Bacteroidetes,Bacteroidia,Cytophagales,Cytophagales,Cytophagales,Cytophagales,41533.333333333336,41468.0,0.005264233106454776,NS
ASV2615: Algoriphagus,Bacteria,Bacteroidetes,Bacteroidia,Cytophagales,Cyclobacteriaceae,Algoriphagus,Algoriphagus,579.1666666666666,432.0,0.00828446532289419,NS
ASV3077: Algoriphagus,Bacteria,Bacteroidetes,Bacteroidia,Cytophagales,Cyclobacteriaceae,Algoriphagus,Algoriphagus,2091.6666666666665,1308.0,0.0056885153181653455,NS
Species: Algoriphagus,Bacteria,Bacteroidetes,Bacteroidia,Cytophagales,Cyclobacteriaceae,Algoriphagus,Algoriphagus,2670.8333333333335,1740.0,0.007875351600257558,NS
Species: Membranicola,Bacteria,Bacteroidetes,Bacteroidia,Chitinophagales,Saprospiraceae,Membranicola,Membranicola,2208.3333333333335,6368.0,0.0052377768575626255,NS
Family: Chitinophagaceae,Bacteria,Bacteroidetes,Bacteroidia,Chitinophagales,Chitinophagales,Chitinophagales,Chitinophagales,32841.666666666664,68372.0,0.02455532076431743,NS
Family: Saprospiraceae,Bacteria,Bacteroidetes,Bacteroidia,Chitinophagales,Chitinophagales,Chitinophagales,Chitinophagales,3704.1666666666665,25676.0,0.005324491374194611,NS
Species: UTBCD1,Bacteria,Bacteroidetes,Bacteroidia,Chitinophagales,Chitinophagaceae,UTBCD1,UTBCD1,175.0,772.0,0.00519327554313889,NS
ASV5890: Terrimonas,Bacteria,Bacteroidetes,Bacteroidia,Chitinophagales,Chitinophagaceae,Terrimonas,Terrimonas,445.8333333333333,984.0,0.02544453110613896,NS
Species: Terrimonas,Bacteria,Bacteroidetes,Bacteroidia,Chitinophagales,Chitinophagaceae,Terrimonas,Terrimonas,5458.333333333333,15444.0,0.005135942769533049,NS
ASV1135: Flavitalea,Bacteria,Bacteroidetes,Bacteroidia,Chitinophagales,Chitinophagaceae,Flavitalea,Flavitalea,1395.8333333333333,3180.0,0.005325320434277603,NS
Species: Flavitalea,Bacteria,Bacteroidetes,Bacteroidia,Chitinophagales,Chitinophagaceae,Flavitalea,Flavitalea,1395.8333333333333,3180.0,0.010765471576248459,NS
ASV1839: Flavisolibacter,Bacteria,Bacteroidetes,Bacteroidia,Chitinophagales,Chitinophagaceae,Flavisolibacter,Flavisolibacter,50.0,2612.0,0.005985071718766579,NS
Species: Flavisolibacter,Bacteria,Bacteroidetes,Bacteroidia,Chitinophagales,Chitinophagaceae,Flavisolibacter,Flavisolibacter,787.5,6252.0,0.005953931404658701,NS
Species: Ferruginibacter,Bacteria,Bacteroidetes,Bacteroidia,Chitinophagales,Chitinophagaceae,Ferruginibacter,Ferruginibacter,1104.1666666666667,3448.0,0.005027993544969686,NS
Genera: Flavisolibacter,Bacteria,Bacteroidetes,Bacteroidia,Chitinophagales,Chitinophagaceae,Chitinophagaceae,Chitinophagaceae,787.5,6252.0,0.007710957110602302,NS
Genera: Flavitalea,Bacteria,Bacteroidetes,Bacteroidia,Chitinophagales,Chitinophagaceae,Chitinophagaceae,Chitinophagaceae,1395.8333333333333,3180.0,0.007022858876142089,NS
Genera: Niabella,Bacteria,Bacteroidetes,Bacteroidia,Chitinophagales,Chitinophagaceae,Chitinophagaceae,Chitinophagaceae,491.6666666666667,456.0,0.006258990663911593,NS
Genera: Terrimonas,Bacteria,Bacteroidetes,Bacteroidia,Chitinophagales,Chitinophagaceae,Chitinophagaceae,Chitinophagaceae,5458.333333333333,15444.0,0.005496080300280365,NS
Genera: Parafilimonas,Bacteria,Bacteroidetes,Bacteroidia,Chitinophagales,Chitinophagaceae,Chitinophagaceae,Chitinophagaceae,1866.6666666666667,336.0,0.005179384153471263,NS
Genera: Flaviaesturariibacter,Bacteria,Bacteroidetes,Bacteroidia,Chitinophagales,Chitinophagaceae,Chitinophagaceae,Chitinophagaceae,779.1666666666666,6496.0,0.00503041455026866,NS
Order: Sphingobacteriales,Bacteria,Bacteroidetes,Bacteroidia,Bacteroidia,Bacteroidia,Bacteroidia,Bacteroidia,17491.666666666668,13528.0,0.02180952798475137,NS
Order: Chitinophagales,Bacteria,Bacteroidetes,Bacteroidia,Bacteroidia,Bacteroidia,Bacteroidia,Bacteroidia,36545.833333333336,94048.0,0.02071433380256498,NS
Order: Flavobacteriales,Bacteria,Bacteroidetes,Bacteroidia,Bacteroidia,Bacteroidia,Bacteroidia,Bacteroidia,31991.666666666668,46144.0,0.017549435778195906,NS
Order: Cytophagales,Bacteria,Bacteroidetes,Bacteroidia,Bacteroidia,Bacteroidia,Bacteroidia,Bacteroidia,58029.166666666664,76768.0,0.017545729042685372,NS
Class: Ignavibacteria,Bacteria,Bacteroidetes,Bacteroidetes,Bacteroidetes,Bacteroidetes,Bacteroidetes,Bacteroidetes,604.1666666666666,2428.0,0.04349436908645616,NS
Class: Rhodothermia,Bacteria,Bacteroidetes,Bacteroidetes,Bacteroidetes,Bacteroidetes,Bacteroidetes,Bacteroidetes,1733.3333333333333,4436.0,0.024604219956397267,NS
Class: Bacteroidia,Bacteria,Bacteroidetes,Bacteroidetes,Bacteroidetes,Bacteroidetes,Bacteroidetes,Bacteroidetes,144058.33333333334,230488.0,0.022883485329064264,NS
Phylum: Firmicutes,Bacteria,Bacteria,Bacteria,Bacteria,Bacteria,Bacteria,Bacteria,1541.6666666666667,11540.0,0.2378485852556125,NS
Phylum: Acidobacteria,Bacteria,Bacteria,Bacteria,Bacteria,Bacteria,Bacteria,Bacteria,7325.0,13436.0,0.1141116720458653,NS
Phylum: Verrucomicrobia,Bacteria,Bacteria,Bacteria,Bacteria,Bacteria,Bacteria,Bacteria,1583.3333333333333,1856.0,0.09217266802221546,NS
Phylum: Cyanobacteria,Bacteria,Bacteria,Bacteria,Bacteria,Bacteria,Bacteria,Bacteria,2508.3333333333335,1128.0,0.08807102831714565,NS
Phylum: Proteobacteria,Bacteria,Bacteria,Bacteria,Bacteria,Bacteria,Bacteria,Bacteria,189066.66666666666,194224.0,0.07455096443393322,NS
Phylum: Actinobacteria,Bacteria,Bacteria,Bacteria,Bacteria,Bacteria,Bacteria,Bacteria,111670.83333333333,178340.0,0.0709106341824813,NS
Phylum: Bacteroidetes,Bacteria,Bacteria,Bacteria,Bacteria,Bacteria,Bacteria,Bacteria,146395.83333333334,237352.0,0.06534100975893907,NS
Phylum: Gemmatimonadetes,Bacteria,Bacteria,Bacteria,Bacteria,Bacteria,Bacteria,Bacteria,7437.5,8320.0,0.059656075043255215,NS
Phylum: Chlamydiae,Bacteria,Bacteria,Bacteria,Bacteria,Bacteria,Bacteria,Bacteria,1837.5,500.0,0.05599620899925353,NS
Phylum: Chloroflexi,Bacteria,Bacteria,Bacteria,Bacteria,Bacteria,Bacteria,Bacteria,15925.0,24180.0,0.04953313165215724,NS
Phylum: Deinococcus-Thermus,Bacteria,Bacteria,Bacteria,Bacteria,Bacteria,Bacteria,Bacteria,420.8333333333333,1744.0,0.04633809362566132,NS
Phylum: Patescibacteria,Bacteria,Bacteria,Bacteria,Bacteria,Bacteria,Bacteria,Bacteria,3437.5,4728.0,0.045469928663480284,NS
Order: Solirubrobacterales,Bacteria,Actinobacteria,Thermoleophilia,Thermoleophilia,Thermoleophilia,Thermoleophilia,Thermoleophilia,566.6666666666666,700.0,0.006142932183724889,NS
Order: MB-A2-108,Bacteria,Actinobacteria,MB-A2-108,MB-A2-108,MB-A2-108,MB-A2-108,MB-A2-108,1066.6666666666667,332.0,0.007613014922077763,NS
ASV9533: Actinomadura,Bacteria,Actinobacteria,Actinobacteria,Streptosporangiales,Thermomonosporaceae,Actinomadura,Actinomadura,1558.3333333333333,288.0,0.007186942180057284,NS
ASV2859: Actinomadura,Bacteria,Actinobacteria,Actinobacteria,Streptosporangiales,Thermomonosporaceae,Actinomadura,Actinomadura,4200.0,2356.0,0.007180857996527194,NS
Species: Actinomadura,Bacteria,Actinobacteria,Actinobacteria,Streptosporangiales,Thermomonosporaceae,Actinomadura,Actinomadura,8520.833333333334,3164.0,0.0066439753388725506,NS
Family: Thermomonosporaceae,Bacteria,Actinobacteria,Actinobacteria,Streptosporangiales,Streptosporangiales,Streptosporangiales,Streptosporangiales,8520.833333333334,3164.0,0.011776862062292141,NS
Family: Nocardiopsaceae,Bacteria,Actinobacteria,Actinobacteria,Streptosporangiales,Streptosporangiales,Streptosporangiales,Streptosporangiales,500.0,1460.0,0.008049003882411582,NS
Family: Streptomycetaceae,Bacteria,Actinobacteria,Actinobacteria,Streptomycetales,Streptomycetales,Streptomycetales,Streptomycetales,7154.166666666667,1024.0,0.012554677327054007,NS
Genera: Streptomyces,Bacteria,Actinobacteria,Actinobacteria,Streptomycetales,Streptomycetaceae,Streptomycetaceae,Streptomycetaceae,7154.166666666667,1024.0,0.006102198991845527,NS
ASV5246: Streptomyces,Bacteria,Actinobacteria,Actinobacteria,Streptomycetales,Streptomycetaceae,Streptomyces,Streptomyces,5587.5,648.0,0.005664577464620371,NS
Family: Pseudonocardiaceae,Bacteria,Actinobacteria,Actinobacteria,Pseudonocardiales,Pseudonocardiales,Pseudonocardiales,Pseudonocardiales,3258.3333333333335,8020.0,0.007750880165918368,NS
Genera: Saccharomonospora,Bacteria,Actinobacteria,Actinobacteria,Pseudonocardiales,Pseudonocardiaceae,Pseudonocardiaceae,Pseudonocardiaceae,795.8333333333334,3084.0,0.007449382487702738,NS
Genera: Saccharopolyspora,Bacteria,Actinobacteria,Actinobacteria,Pseudonocardiales,Pseudonocardiaceae,Pseudonocardiaceae,Pseudonocardiaceae,1000.0,1740.0,0.006739904627951436,NS
Family: Nocardioidaceae,Bacteria,Actinobacteria,Actinobacteria,Propionibacteriales,Propionibacteriales,Propionibacteriales,Propionibacteriales,3850.0,10420.0,0.012126221942719449,NS
Genera: Cutibacterium,Bacteria,Actinobacteria,Actinobacteria,Propionibacteriales,Propionibacteriaceae,Propionibacteriaceae,Propionibacteriaceae,45.833333333333336,272.0,0.0059375108496109216,NS
Species: Nocardioides,Bacteria,Actinobacteria,Actinobacteria,Propionibacteriales,Nocardioidaceae,Nocardioides,Nocardioides,1979.1666666666667,5828.0,0.005379773147168315,NS
Genera: Nocardioides,Bacteria,Actinobacteria,Actinobacteria,Propionibacteriales,Nocardioidaceae,Nocardioidaceae,Nocardioidaceae,1979.1666666666667,5828.0,0.007399089755207175,NS
Family: Micromonosporaceae,Bacteria,Actinobacteria,Actinobacteria,Micromonosporales,Micromonosporales,Micromonosporales,Micromonosporales,6625.0,2416.0,0.008914421291231305,NS
ASV9536: Micromonosporaceae,Bacteria,Actinobacteria,Actinobacteria,Micromonosporales,Micromonosporaceae,Micromonosporaceae,Micromonosporaceae,1316.6666666666667,1632.0,0.005429164517936537,NS
Family: Micrococcaceae,Bacteria,Actinobacteria,Actinobacteria,Micrococcales,Micrococcales,Micrococcales,Micrococcales,36912.5,102876.0,0.01433303350702536,NS
Family: Microbacteriaceae,Bacteria,Actinobacteria,Actinobacteria,Micrococcales,Micrococcales,Micrococcales,Micrococcales,8354.166666666666,5184.0,0.009846456127453166,NS
Family: Intrasporangiaceae,Bacteria,Actinobacteria,Actinobacteria,Micrococcales,Micrococcales,Micrococcales,Micrococcales,245.83333333333334,792.0,0.0095506450946917,NS
Family: Cellulomonadaceae,Bacteria,Actinobacteria,Actinobacteria,Micrococcales,Micrococcales,Micrococcales,Micrococcales,791.6666666666666,336.0,0.005732789701412715,NS
Genera: Arthrobacter,Bacteria,Actinobacteria,Actinobacteria,Micrococcales,Micrococcaceae,Micrococcaceae,Micrococcaceae,3891.6666666666665,16100.0,0.005694185979022788,NS
Species: Arthrobacter,Bacteria,Actinobacteria,Actinobacteria,Micrococcales,Micrococcaceae,Arthrobacter,Arthrobacter,3891.6666666666665,16100.0,0.011842598656651512,NS
Species: Microbacteriaceae,Bacteria,Actinobacteria,Actinobacteria,Micrococcales,Microbacteriaceae,Microbacteriaceae,Microbacteriaceae,2670.8333333333335,1904.0,0.0064017568099255856,NS
Genera: Leucobacter,Bacteria,Actinobacteria,Actinobacteria,Micrococcales,Microbacteriaceae,Microbacteriaceae,Microbacteriaceae,208.33333333333334,732.0,0.006487956436419334,NS
Genera: Mycetocola,Bacteria,Actinobacteria,Actinobacteria,Micrococcales,Microbacteriaceae,Microbacteriaceae,Microbacteriaceae,437.5,740.0,0.005315011572035584,NS
Species: Leucobacter,Bacteria,Actinobacteria,Actinobacteria,Micrococcales,Microbacteriaceae,Leucobacter,Leucobacter,208.33333333333334,732.0,0.0065427532017798724,NS
Species: Oerskovia,Bacteria,Actinobacteria,Actinobacteria,Micrococcales,Cellulomonadaceae,Oerskovia,Oerskovia,791.6666666666666,336.0,0.010886805927201296,NS
Family: Frankiales,Bacteria,Actinobacteria,Actinobacteria,Frankiales,Frankiales,Frankiales,Frankiales,1141.6666666666667,11732.0,0.027698514027802115,NS
Family: Geodermatophilaceae,Bacteria,Actinobacteria,Actinobacteria,Frankiales,Frankiales,Frankiales,Frankiales,6137.5,9264.0,0.007768836013906996,NS
ASV10111: Mycobacterium sp. IFP4,Bacteria,Actinobacteria,Actinobacteria,Corynebacteriales,Mycobacteriaceae,Mycobacterium,Mycobacterium sp. IFP4,191.66666666666666,1212.0,0.006564217645028704,NS
Species: Mycobacterium,Bacteria,Actinobacteria,Actinobacteria,Corynebacteriales,Mycobacteriaceae,Mycobacterium,Mycobacterium,4120.833333333333,1900.0,0.00551120292115799,NS
Genera: Mycobacterium,Bacteria,Actinobacteria,Actinobacteria,Corynebacteriales,Mycobacteriaceae,Mycobacteriaceae,Mycobacteriaceae,4312.5,3112.0,0.0063302857867147825,NS
Genera: Dietzia,Bacteria,Actinobacteria,Actinobacteria,Corynebacteriales,Dietziaceae,Dietziaceae,Dietziaceae,108.33333333333333,884.0,0.0057323673583021114,NS
Species: Dietzia,Bacteria,Actinobacteria,Actinobacteria,Corynebacteriales,Dietziaceae,Dietzia,Dietzia,108.33333333333333,884.0,0.008347441886547955,NS
Family: Mycobacteriaceae,Bacteria,Actinobacteria,Actinobacteria,Corynebacteriales,Corynebacteriales,Corynebacteriales,Corynebacteriales,4312.5,3112.0,0.014969008653661896,NS
Family: Dietziaceae,Bacteria,Actinobacteria,Actinobacteria,Corynebacteriales,Corynebacteriales,Corynebacteriales,Corynebacteriales,108.33333333333333,884.0,0.00583176948138265,NS
Order: Propionibacteriales,Bacteria,Actinobacteria,Actinobacteria,Actinobacteria,Actinobacteria,Actinobacteria,Actinobacteria,3895.8333333333335,10692.0,0.021067197373966114,NS
Order: Streptosporangiales,Bacteria,Actinobacteria,Actinobacteria,Actinobacteria,Actinobacteria,Actinobacteria,Actinobacteria,9020.833333333334,4624.0,0.01692094711646212,NS
Order: Micrococcales,Bacteria,Actinobacteria,Actinobacteria,Actinobacteria,Actinobacteria,Actinobacteria,Actinobacteria,48912.5,109596.0,0.014955626941320138,NS
Order: Streptomycetales,Bacteria,Actinobacteria,Actinobacteria,Actinobacteria,Actinobacteria,Actinobacteria,Actinobacteria,7154.166666666667,1024.0,0.012975537624730405,NS
Order: Pseudonocardiales,Bacteria,Actinobacteria,Actinobacteria,Actinobacteria,Actinobacteria,Actinobacteria,Actinobacteria,3258.3333333333335,8020.0,0.012502637287241044,NS
Order: Frankiales,Bacteria,Actinobacteria,Actinobacteria,Actinobacteria,Actinobacteria,Actinobacteria,Actinobacteria,7279.166666666667,20996.0,0.011880869375082408,NS
Order: Corynebacteriales,Bacteria,Actinobacteria,Actinobacteria,Actinobacteria,Actinobacteria,Actinobacteria,Actinobacteria,5141.666666666667,5580.0,0.011309705173060118,NS
Order: Micromonosporales,Bacteria,Actinobacteria,Actinobacteria,Actinobacteria,Actinobacteria,Actinobacteria,Actinobacteria,6625.0,2416.0,0.008798624497793709,NS
Order: Kineosporiales,Bacteria,Actinobacteria,Actinobacteria,Actinobacteria,Actinobacteria,Actinobacteria,Actinobacteria,83.33333333333333,2780.0,0.006174241211602633,NS
Order: Actinobacteria,Bacteria,Actinobacteria,Actinobacteria,Actinobacteria,Actinobacteria,Actinobacteria,Actinobacteria,2100.0,576.0,0.00535485717483947,NS
Class: Actinobacteria,Bacteria,Actinobacteria,Actinobacteria,Actinobacteria,Actinobacteria,Actinobacteria,Actinobacteria,95058.33333333333,166304.0,0.036612063398231635,NS
Class: MB-A2-108,Bacteria,Actinobacteria,Actinobacteria,Actinobacteria,Actinobacteria,Actinobacteria,Actinobacteria,1066.6666666666667,332.0,0.023537269716185714,NS
Class: Acidimicrobiia,Bacteria,Actinobacteria,Actinobacteria,Actinobacteria,Actinobacteria,Actinobacteria,Actinobacteria,2133.3333333333335,4424.0,0.02255593232930922,NS
Class: Thermoleophilia,Bacteria,Actinobacteria,Actinobacteria,Actinobacteria,Actinobacteria,Actinobacteria,Actinobacteria,4341.666666666667,2464.0,0.019640888861022058,NS
Class: Nitriliruptoria,Bacteria,Actinobacteria,Actinobacteria,Actinobacteria,Actinobacteria,Actinobacteria,Actinobacteria,7987.5,3336.0,0.01862881113955865,NS
Class: Rubrobacteria,Bacteria,Actinobacteria,Actinobacteria,Actinobacteria,Actinobacteria,Actinobacteria,Actinobacteria,1083.3333333333333,1480.0,0.018069570514022627,NS
Family: Microtrichales,Bacteria,Actinobacteria,Acidimicrobiia,Microtrichales,Microtrichales,Microtrichales,Microtrichales,566.6666666666666,2976.0,0.0074425389876529935,NS
Order: Microtrichales,Bacteria,Actinobacteria,Acidimicrobiia,Acidimicrobiia,Acidimicrobiia,Acidimicrobiia,Acidimicrobiia,566.6666666666666,2976.0,0.0064193376627884905,NS
Order: Acidimicrobiia,Bacteria,Actinobacteria,Acidimicrobiia,Acidimicrobiia,Acidimicrobiia,Acidimicrobiia,Acidimicrobiia,79.16666666666667,396.0,0.005951710280191682,NS
Order: Actinomarinales,Bacteria,Actinobacteria,Acidimicrobiia,Acidimicrobiia,Acidimicrobiia,Acidimicrobiia,Acidimicrobiia,1487.5,1052.0,0.005351405094875922,NS
Order: Subgroup 6,Bacteria,Acidobacteria,Subgroup 6,Subgroup 6,Subgroup 6,Subgroup 6,Subgroup 6,1445.8333333333333,2208.0,0.005564579484007714,NS
Order: Acanthopleuribacterales,Bacteria,Acidobacteria,Holophagae,Holophagae,Holophagae,Holophagae,Holophagae,2004.1666666666667,3232.0,0.006806504222951609,NS
Family: Acanthopleuribacteraceae,Bacteria,Acidobacteria,Holophagae,Acanthopleuribacterales,Acanthopleuribacterales,Acanthopleuribacterales,Acanthopleuribacterales,2004.1666666666667,3232.0,0.005855784738219901,NS
Order: Blastocatellales,Bacteria,Acidobacteria,Blastocatellia (Subgroup 4),Blastocatellia (Subgroup 4),Blastocatellia (Subgroup 4),Blastocatellia (Subgroup 4),Blastocatellia (Subgroup 4),2075.0,5884.0,0.014137977753012891,NS
Family: Blastocatellaceae,Bacteria,Acidobacteria,Blastocatellia (Subgroup 4),Blastocatellales,Blastocatellales,Blastocatellales,Blastocatellales,2075.0,5884.0,0.010240984814655657,NS
Genera: Blastocatellaceae,Bacteria,Acidobacteria,Blastocatellia (Subgroup 4),Blastocatellales,Blastocatellaceae,Blastocatellaceae,Blastocatellaceae,1100.0,3392.0,0.005673438322347503,NS
Species: Blastocatella,Bacteria,Acidobacteria,Blastocatellia (Subgroup 4),Blastocatellales,Blastocatellaceae,Blastocatella,Blastocatella,975.0,2492.0,0.0055213506051664364,NS
Family: Solibacteraceae (Subgroup 3),Bacteria,Acidobacteria,Acidobacteriia,Solibacterales,Solibacterales,Solibacterales,Solibacterales,1083.3333333333333,1580.0,0.009462713149074663,NS
Genera: Bryobacter,Bacteria,Acidobacteria,Acidobacteriia,Solibacterales,Solibacteraceae (Subgroup 3),Solibacteraceae (Subgroup 3),Solibacteraceae (Subgroup 3),1083.3333333333333,1580.0,0.008996951512493072,NS
Order: Solibacterales,Bacteria,Acidobacteria,Acidobacteriia,Acidobacteriia,Acidobacteriia,Acidobacteriia,Acidobacteriia,1083.3333333333333,1580.0,0.016272665287473544,NS
Class: Blastocatellia (Subgroup 4),Bacteria,Acidobacteria,Acidobacteria,Acidobacteria,Acidobacteria,Acidobacteria,Acidobacteria,2791.6666666666665,6416.0,0.05109345597451968,NS
Class: Acidobacteriia,Bacteria,Acidobacteria,Acidobacteria,Acidobacteria,Acidobacteria,Acidobacteria,Acidobacteria,1083.3333333333333,1580.0,0.0323011360323372,NS
Class: Holophagae,Bacteria,Acidobacteria,Acidobacteria,Acidobacteria,Acidobacteria,Acidobacteria,Acidobacteria,2004.1666666666667,3232.0,0.02882371626794456,NS
Class: Subgroup 6,Bacteria,Acidobacteria,Acidobacteria,Acidobacteria,Acidobacteria,Acidobacteria,Acidobacteria,1445.8333333333333,2208.0,0.020209301920690783,NS
